company_name	hw_job_url
ウェルビーナーシング株式会社	https://www.hellowork.mhlw.go.jp/kensaku/GECA110010.do?screenId=GECA110010&action=dispDetailBtn&kJNo=4019004641061&kJKbn=1&fullPart=1
（事業所の意向により公開していません）	https://www.hellowork.mhlw.go.jp/kensaku/GECA110010.do?screenId=GECA110010&action=dispDetailBtn&kJNo=1201018018761&kJKbn=1&fullPart=1
合同会社　ユウガ（デイサービスダイダイ）	https://www.hellowork.mhlw.go.jp/kensaku/GECA110010.do?screenId=GECA110010&action=dispDetailBtn&kJNo=4701015624461&kJKbn=1&fullPart=1
有限会社　ひさみつ	https://www.hellowork.mhlw.go.jp/kensaku/GECA110010.do?screenId=GECA110010&action=dispDetailBtn&kJNo=4701015541661&kJKbn=1&fullPart=1
社会医療法人　友愛会\n（友愛医療センター・豊見城中央病院・友愛ケアセンター）	https://www.hellowork.mhlw.go.jp/kensaku/GECA110010.do?screenId=GECA110010&action=dispDetailBtn&kJNo=4701015575661&kJKbn=1&fullPart=1
有限会社　陽気	https://www.hellowork.mhlw.go.jp/kensaku/GECA110010.do?screenId=GECA110010&action=dispDetailBtn&kJNo=4701015573061&kJKbn=1&fullPart=1
株式会社　良創夢	https://www.hellowork.mhlw.go.jp/kensaku/GECA110010.do?screenId=GECA110010&action=dispDetailBtn&kJNo=4701012127261&kJKbn=1&fullPart=1
医療法人ＨＳＲ　名嘉村クリニック	https://www.hellowork.mhlw.go.jp/kensaku/GECA110010.do?screenId=GECA110010&action=dispDetailBtn&kJNo=4701014184861&kJKbn=1&fullPart=1
株式会社ゆいゆい	https://www.hellowork.mhlw.go.jp/kensaku/GECA110010.do?screenId=GECA110010&action=dispDetailBtn&kJNo=4701013100161&kJKbn=1&fullPart=1
医療法人だいわ会	https://www.hellowork.mhlw.go.jp/kensaku/GECA110010.do?screenId=GECA110010&action=dispDetailBtn&kJNo=4702006563561&kJKbn=1&fullPart=1
株式会社　わくわく沖縄	https://www.hellowork.mhlw.go.jp/kensaku/GECA110010.do?screenId=GECA110010&action=dispDetailBtn&kJNo=4702008915361&kJKbn=1&fullPart=1
株式会社トータルライフケアおきなわ　デイサービスセンター島の\n風	https://www.hellowork.mhlw.go.jp/kensaku/GECA110010.do?screenId=GECA110010&action=dispDetailBtn&kJNo=4702009823961&kJKbn=1&fullPart=1
株式会社トータルライフケアおきなわ	https://www.hellowork.mhlw.go.jp/kensaku/GECA110010.do?screenId=GECA110010&action=dispDetailBtn&kJNo=4702009825061&kJKbn=1&fullPart=1
株式会社トータルライフサポート研究所	https://www.hellowork.mhlw.go.jp/kensaku/GECA110010.do?screenId=GECA110010&action=dispDetailBtn&kJNo=4702005820761&kJKbn=1&fullPart=1
下地診療所合同会社	https://www.hellowork.mhlw.go.jp/kensaku/GECA110010.do?screenId=GECA110010&action=dispDetailBtn&kJNo=4704001733861&kJKbn=1&fullPart=1
株式会社　ラポール	https://www.hellowork.mhlw.go.jp/kensaku/GECA110010.do?screenId=GECA110010&action=dispDetailBtn&kJNo=4704000992161&kJKbn=1&fullPart=1
石垣市役所	https://www.hellowork.mhlw.go.jp/kensaku/GECA110010.do?screenId=GECA110010&action=dispDetailBtn&kJNo=4705001022061&kJKbn=1&fullPart=1
社会福祉法人　偕生会　特別養護老人ホーム　沖縄偕生園	https://www.hellowork.mhlw.go.jp/kensaku/GECA110010.do?screenId=GECA110010&action=dispDetailBtn&kJNo=4701015530161&kJKbn=1&fullPart=1
医療法人　城南会	https://www.hellowork.mhlw.go.jp/kensaku/GECA110010.do?screenId=GECA110010&action=dispDetailBtn&kJNo=4701010788861&kJKbn=1&fullPart=1
合同会社ＤプラスＤサポート沖縄	https://www.hellowork.mhlw.go.jp/kensaku/GECA110010.do?screenId=GECA110010&action=dispDetailBtn&kJNo=4702009762161&kJKbn=1&fullPart=1
社会福祉法人光和会　特別養護老人ホーム　森城	https://www.hellowork.mhlw.go.jp/kensaku/GECA110010.do?screenId=GECA110010&action=dispDetailBtn&kJNo=4702009024761&kJKbn=1&fullPart=1
株式会社　響心	https://www.hellowork.mhlw.go.jp/kensaku/GECA110010.do?screenId=GECA110010&action=dispDetailBtn&kJNo=4703002299261&kJKbn=1&fullPart=1
医療法人　福寿会	https://www.hellowork.mhlw.go.jp/kensaku/GECA110010.do?screenId=GECA110010&action=dispDetailBtn&kJNo=4701010987561&kJKbn=1&fullPart=1
社会福祉法人　沖縄コロニー	https://www.hellowork.mhlw.go.jp/kensaku/GECA110010.do?screenId=GECA110010&action=dispDetailBtn&kJNo=4701012979961&kJKbn=1&fullPart=1
合同会社　Ｃｏｍｍｅ　ｍｏｉ　デイサービス　凜　ＲＩＮ	https://www.hellowork.mhlw.go.jp/kensaku/GECA110010.do?screenId=GECA110010&action=dispDetailBtn&kJNo=4701015413261&kJKbn=1&fullPart=1
株式会社レイクビュー	https://www.hellowork.mhlw.go.jp/kensaku/GECA110010.do?screenId=GECA110010&action=dispDetailBtn&kJNo=4701009790161&kJKbn=1&fullPart=1
（有）寿ランド　有料老人ホームゆうらく寿	https://www.hellowork.mhlw.go.jp/kensaku/GECA110010.do?screenId=GECA110010&action=dispDetailBtn&kJNo=4701011425761&kJKbn=1&fullPart=1
社会福祉法人南島会	https://www.hellowork.mhlw.go.jp/kensaku/GECA110010.do?screenId=GECA110010&action=dispDetailBtn&kJNo=4701011164061&kJKbn=1&fullPart=1
医療法人　崇穂会	https://www.hellowork.mhlw.go.jp/kensaku/GECA110010.do?screenId=GECA110010&action=dispDetailBtn&kJNo=4701011096461&kJKbn=1&fullPart=1
日赤安謝福祉複合施設	https://www.hellowork.mhlw.go.jp/kensaku/GECA110010.do?screenId=GECA110010&action=dispDetailBtn&kJNo=4701014401661&kJKbn=1&fullPart=1
社会福祉法人　南島会　住宅型有料老人ホーム　はえばる日の出園	https://www.hellowork.mhlw.go.jp/kensaku/GECA110010.do?screenId=GECA110010&action=dispDetailBtn&kJNo=4701008990161&kJKbn=1&fullPart=1
株式会社ふれあい介護センター　宜野湾事業所	https://www.hellowork.mhlw.go.jp/kensaku/GECA110010.do?screenId=GECA110010&action=dispDetailBtn&kJNo=4702008309361&kJKbn=1&fullPart=1
株式会社　ふれあい介護センター　介護複合施設　ふれあい愛知の\n丘	https://www.hellowork.mhlw.go.jp/kensaku/GECA110010.do?screenId=GECA110010&action=dispDetailBtn&kJNo=4702008240761&kJKbn=1&fullPart=1
社会福祉法人　善隣福祉会　特別養護老人ホ一ム　愛誠園	https://www.hellowork.mhlw.go.jp/kensaku/GECA110010.do?screenId=GECA110010&action=dispDetailBtn&kJNo=4702006690061&kJKbn=1&fullPart=1
医療法人　琉心会　介護老人保健施設　あけみおの里	https://www.hellowork.mhlw.go.jp/kensaku/GECA110010.do?screenId=GECA110010&action=dispDetailBtn&kJNo=4703001992561&kJKbn=1&fullPart=1
下地診療所合同会社　クラせーる下地	https://www.hellowork.mhlw.go.jp/kensaku/GECA110010.do?screenId=GECA110010&action=dispDetailBtn&kJNo=4704001722561&kJKbn=1&fullPart=1
ぐっどケア　有限会社	https://www.hellowork.mhlw.go.jp/kensaku/GECA110010.do?screenId=GECA110010&action=dispDetailBtn&kJNo=2713007478761&kJKbn=1&fullPart=1
医療法人以和貴会　ウェルネス西崎病院	https://www.hellowork.mhlw.go.jp/kensaku/GECA110010.do?screenId=GECA110010&action=dispDetailBtn&kJNo=4701015365361&kJKbn=1&fullPart=1
地域福祉ネット合同会社	https://www.hellowork.mhlw.go.jp/kensaku/GECA110010.do?screenId=GECA110010&action=dispDetailBtn&kJNo=4701015377761&kJKbn=1&fullPart=1
合同会社　ｃｈｏｏｓｅ	https://www.hellowork.mhlw.go.jp/kensaku/GECA110010.do?screenId=GECA110010&action=dispDetailBtn&kJNo=4701015378861&kJKbn=1&fullPart=1
合同会社ＴＫオフィス	https://www.hellowork.mhlw.go.jp/kensaku/GECA110010.do?screenId=GECA110010&action=dispDetailBtn&kJNo=4702009622761&kJKbn=1&fullPart=1
有限会社　美和コ－ポレーション　美和ケアセンター	https://www.hellowork.mhlw.go.jp/kensaku/GECA110010.do?screenId=GECA110010&action=dispDetailBtn&kJNo=4702009624961&kJKbn=1&fullPart=1
有限会社　在宅介護サービスひまわり	https://www.hellowork.mhlw.go.jp/kensaku/GECA110010.do?screenId=GECA110010&action=dispDetailBtn&kJNo=4702006233561&kJKbn=1&fullPart=1
特定非営利活動法人きづき	https://www.hellowork.mhlw.go.jp/kensaku/GECA110010.do?screenId=GECA110010&action=dispDetailBtn&kJNo=4702008114361&kJKbn=1&fullPart=1
特定非営利活動法人　うまんちゅ　生活支援センターふくしの家	https://www.hellowork.mhlw.go.jp/kensaku/GECA110010.do?screenId=GECA110010&action=dispDetailBtn&kJNo=4702006139461&kJKbn=1&fullPart=1
株式会社　ＷＡＮ　ＳＴＹＬＥ	https://www.hellowork.mhlw.go.jp/kensaku/GECA110010.do?screenId=GECA110010&action=dispDetailBtn&kJNo=4702009693361&kJKbn=1&fullPart=1
株式会社　スタート・ライン	https://www.hellowork.mhlw.go.jp/kensaku/GECA110010.do?screenId=GECA110010&action=dispDetailBtn&kJNo=4702008865961&kJKbn=1&fullPart=1
株式会社ツクイ　九州圏	https://www.hellowork.mhlw.go.jp/kensaku/GECA110010.do?screenId=GECA110010&action=dispDetailBtn&kJNo=4001021159761&kJKbn=1&fullPart=1
社会福祉法人　南風原町　社会福祉協議会	https://www.hellowork.mhlw.go.jp/kensaku/GECA110010.do?screenId=GECA110010&action=dispDetailBtn&kJNo=4701015174661&kJKbn=1&fullPart=1
社会福祉法人ゆうなの会	https://www.hellowork.mhlw.go.jp/kensaku/GECA110010.do?screenId=GECA110010&action=dispDetailBtn&kJNo=4701008872061&kJKbn=1&fullPart=1
株式会社　山宗	https://www.hellowork.mhlw.go.jp/kensaku/GECA110010.do?screenId=GECA110010&action=dispDetailBtn&kJNo=4701015256761&kJKbn=1&fullPart=1
株式会社　ケアステーション沖縄	https://www.hellowork.mhlw.go.jp/kensaku/GECA110010.do?screenId=GECA110010&action=dispDetailBtn&kJNo=4701015278661&kJKbn=1&fullPart=1
有限会社ウェルカム	https://www.hellowork.mhlw.go.jp/kensaku/GECA110010.do?screenId=GECA110010&action=dispDetailBtn&kJNo=4701015015861&kJKbn=1&fullPart=1
（医）陽和会　　南山病院	https://www.hellowork.mhlw.go.jp/kensaku/GECA110010.do?screenId=GECA110010&action=dispDetailBtn&kJNo=4701015020561&kJKbn=1&fullPart=1
医療法人八重瀬会	https://www.hellowork.mhlw.go.jp/kensaku/GECA110010.do?screenId=GECA110010&action=dispDetailBtn&kJNo=4701015031861&kJKbn=1&fullPart=1
株式会社なまくま	https://www.hellowork.mhlw.go.jp/kensaku/GECA110010.do?screenId=GECA110010&action=dispDetailBtn&kJNo=4701009300261&kJKbn=1&fullPart=1
株式会社　しまぶくろ	https://www.hellowork.mhlw.go.jp/kensaku/GECA110010.do?screenId=GECA110010&action=dispDetailBtn&kJNo=4701015050361&kJKbn=1&fullPart=1
合同会社　Ｋーダッシュ　リハビリデイサービス	https://www.hellowork.mhlw.go.jp/kensaku/GECA110010.do?screenId=GECA110010&action=dispDetailBtn&kJNo=4701015053561&kJKbn=1&fullPart=1
医療法人　博心会　介護老人保健施設　エメロード　てだこ苑	https://www.hellowork.mhlw.go.jp/kensaku/GECA110010.do?screenId=GECA110010&action=dispDetailBtn&kJNo=4701013623961&kJKbn=1&fullPart=1
（有）ヘルスサポート	https://www.hellowork.mhlw.go.jp/kensaku/GECA110010.do?screenId=GECA110010&action=dispDetailBtn&kJNo=4701008728661&kJKbn=1&fullPart=1
社会福祉法人　高洋会　特別養護老人ホーム　陽明園	https://www.hellowork.mhlw.go.jp/kensaku/GECA110010.do?screenId=GECA110010&action=dispDetailBtn&kJNo=4702009527861&kJKbn=1&fullPart=1
サトウ株式会社	https://www.hellowork.mhlw.go.jp/kensaku/GECA110010.do?screenId=GECA110010&action=dispDetailBtn&kJNo=4702009537161&kJKbn=1&fullPart=1
株式会社　聖浩	https://www.hellowork.mhlw.go.jp/kensaku/GECA110010.do?screenId=GECA110010&action=dispDetailBtn&kJNo=4701014771961&kJKbn=1&fullPart=1
株式会社　琉新の風	https://www.hellowork.mhlw.go.jp/kensaku/GECA110010.do?screenId=GECA110010&action=dispDetailBtn&kJNo=4701014946261&kJKbn=1&fullPart=1
医療法人　社団　かびら会　川平病院	https://www.hellowork.mhlw.go.jp/kensaku/GECA110010.do?screenId=GECA110010&action=dispDetailBtn&kJNo=4701009638161&kJKbn=1&fullPart=1
有限会社　ユイ・ライフ	https://www.hellowork.mhlw.go.jp/kensaku/GECA110010.do?screenId=GECA110010&action=dispDetailBtn&kJNo=4701011694461&kJKbn=1&fullPart=1
有限会社　福伸建設通所介護センター登川の里	https://www.hellowork.mhlw.go.jp/kensaku/GECA110010.do?screenId=GECA110010&action=dispDetailBtn&kJNo=4702005829461&kJKbn=1&fullPart=1
沖縄県社会福祉事業団　都屋の里	https://www.hellowork.mhlw.go.jp/kensaku/GECA110010.do?screenId=GECA110010&action=dispDetailBtn&kJNo=4702009459361&kJKbn=1&fullPart=1
医療法人おもと会　デイサービスセンター上原	https://www.hellowork.mhlw.go.jp/kensaku/GECA110010.do?screenId=GECA110010&action=dispDetailBtn&kJNo=4702008524861&kJKbn=1&fullPart=1
（株）ベストビジネスコミュニケーション	https://www.hellowork.mhlw.go.jp/kensaku/GECA110010.do?screenId=GECA110010&action=dispDetailBtn&kJNo=4702005522861&kJKbn=1&fullPart=1
株式会社からだ工房　\n機脳訓練型デイサービス　ここてらす那覇壷川	https://www.hellowork.mhlw.go.jp/kensaku/GECA110010.do?screenId=GECA110010&action=dispDetailBtn&kJNo=4701014870061&kJKbn=1&fullPart=1
社会福祉法人　緑樹会	https://www.hellowork.mhlw.go.jp/kensaku/GECA110010.do?screenId=GECA110010&action=dispDetailBtn&kJNo=4702005683561&kJKbn=1&fullPart=1
株式会社　ＳＹＭケアサポート	https://www.hellowork.mhlw.go.jp/kensaku/GECA110010.do?screenId=GECA110010&action=dispDetailBtn&kJNo=4702009410461&kJKbn=1&fullPart=1
有限会社　稲田	https://www.hellowork.mhlw.go.jp/kensaku/GECA110010.do?screenId=GECA110010&action=dispDetailBtn&kJNo=4703002213661&kJKbn=1&fullPart=1
合同会社　ひとえ	https://www.hellowork.mhlw.go.jp/kensaku/GECA110010.do?screenId=GECA110010&action=dispDetailBtn&kJNo=4701010382861&kJKbn=1&fullPart=1
（社福）転生会\n　特別養護老人ホーム　転生園	https://www.hellowork.mhlw.go.jp/kensaku/GECA110010.do?screenId=GECA110010&action=dispDetailBtn&kJNo=4701008967161&kJKbn=1&fullPart=1
すまいるサポート　株式会社	https://www.hellowork.mhlw.go.jp/kensaku/GECA110010.do?screenId=GECA110010&action=dispDetailBtn&kJNo=4701014825761&kJKbn=1&fullPart=1
（医）白寿会　老人保健施設　白寿園	https://www.hellowork.mhlw.go.jp/kensaku/GECA110010.do?screenId=GECA110010&action=dispDetailBtn&kJNo=4701014832461&kJKbn=1&fullPart=1
社会福祉法人与勝福祉会　特別養護老人ホーム　与勝の里	https://www.hellowork.mhlw.go.jp/kensaku/GECA110010.do?screenId=GECA110010&action=dispDetailBtn&kJNo=4702005670161&kJKbn=1&fullPart=1
株式会社　リテイション	https://www.hellowork.mhlw.go.jp/kensaku/GECA110010.do?screenId=GECA110010&action=dispDetailBtn&kJNo=4702005786361&kJKbn=1&fullPart=1
医療法人　アガペ会	https://www.hellowork.mhlw.go.jp/kensaku/GECA110010.do?screenId=GECA110010&action=dispDetailBtn&kJNo=4702006137261&kJKbn=1&fullPart=1
株式会社　サポートプラスみどり町	https://www.hellowork.mhlw.go.jp/kensaku/GECA110010.do?screenId=GECA110010&action=dispDetailBtn&kJNo=4702009377161&kJKbn=1&fullPart=1
株式会社　和　【アットホームこころ】	https://www.hellowork.mhlw.go.jp/kensaku/GECA110010.do?screenId=GECA110010&action=dispDetailBtn&kJNo=4704001104861&kJKbn=1&fullPart=1
医療法人　緑の会　小規模多機能ホ一ムつむぎの郷	https://www.hellowork.mhlw.go.jp/kensaku/GECA110010.do?screenId=GECA110010&action=dispDetailBtn&kJNo=4705001355661&kJKbn=1&fullPart=1
社会福祉法人　綾羽福祉会　障がい者支援施設　ハーモニー	https://www.hellowork.mhlw.go.jp/kensaku/GECA110010.do?screenId=GECA110010&action=dispDetailBtn&kJNo=4705001029861&kJKbn=1&fullPart=1
社会福祉法人　千尋会　介護老人福祉施設　嬉の里	https://www.hellowork.mhlw.go.jp/kensaku/GECA110010.do?screenId=GECA110010&action=dispDetailBtn&kJNo=4701014641861&kJKbn=1&fullPart=1
株式会社　木蘭　デイサービスもくれん沢岻	https://www.hellowork.mhlw.go.jp/kensaku/GECA110010.do?screenId=GECA110010&action=dispDetailBtn&kJNo=4701009654161&kJKbn=1&fullPart=1
株式会社　木蘭　デイサービスもくれん	https://www.hellowork.mhlw.go.jp/kensaku/GECA110010.do?screenId=GECA110010&action=dispDetailBtn&kJNo=4701009650461&kJKbn=1&fullPart=1
有限会社　はっぴー　デイサービスはっぴー喜屋武	https://www.hellowork.mhlw.go.jp/kensaku/GECA110010.do?screenId=GECA110010&action=dispDetailBtn&kJNo=4701014663561&kJKbn=1&fullPart=1
ライフ・ケア株式会社\n住宅型有料老人ホーム　うえた２号館	https://www.hellowork.mhlw.go.jp/kensaku/GECA110010.do?screenId=GECA110010&action=dispDetailBtn&kJNo=4701012383861&kJKbn=1&fullPart=1
沖縄県農業協同組合＊ＪＡおきなわ中部介護福祉センター	https://www.hellowork.mhlw.go.jp/kensaku/GECA110010.do?screenId=GECA110010&action=dispDetailBtn&kJNo=4702007408061&kJKbn=1&fullPart=1
社会福祉法人　沖縄県社会福祉事業団	https://www.hellowork.mhlw.go.jp/kensaku/GECA110010.do?screenId=GECA110010&action=dispDetailBtn&kJNo=4701009057061&kJKbn=1&fullPart=1
株式会社　メディライン	https://www.hellowork.mhlw.go.jp/kensaku/GECA110010.do?screenId=GECA110010&action=dispDetailBtn&kJNo=4701012249561&kJKbn=1&fullPart=1
合同会社　ＳｕｎＨｅａｒｔ	https://www.hellowork.mhlw.go.jp/kensaku/GECA110010.do?screenId=GECA110010&action=dispDetailBtn&kJNo=4702009199161&kJKbn=1&fullPart=1
株式会社　琉球メディカルズ	https://www.hellowork.mhlw.go.jp/kensaku/GECA110010.do?screenId=GECA110010&action=dispDetailBtn&kJNo=4702007388261&kJKbn=1&fullPart=1
株式会社さんだん花	https://www.hellowork.mhlw.go.jp/kensaku/GECA110010.do?screenId=GECA110010&action=dispDetailBtn&kJNo=4702006696761&kJKbn=1&fullPart=1
株式会社　想い	https://www.hellowork.mhlw.go.jp/kensaku/GECA110010.do?screenId=GECA110010&action=dispDetailBtn&kJNo=4702008299761&kJKbn=1&fullPart=1
株式会社けあさぽ沖縄　セカンドホーム	https://www.hellowork.mhlw.go.jp/kensaku/GECA110010.do?screenId=GECA110010&action=dispDetailBtn&kJNo=4703001681061&kJKbn=1&fullPart=1
株式会社　いきがいクリエーション	https://www.hellowork.mhlw.go.jp/kensaku/GECA110010.do?screenId=GECA110010&action=dispDetailBtn&kJNo=4702005798461&kJKbn=1&fullPart=1
社会福祉法人　立命会	https://www.hellowork.mhlw.go.jp/kensaku/GECA110010.do?screenId=GECA110010&action=dispDetailBtn&kJNo=4701011753161&kJKbn=1&fullPart=1
医療法人　禄寿会	https://www.hellowork.mhlw.go.jp/kensaku/GECA110010.do?screenId=GECA110010&action=dispDetailBtn&kJNo=4701012477261&kJKbn=1&fullPart=1
社会福祉法人　彩生会	https://www.hellowork.mhlw.go.jp/kensaku/GECA110010.do?screenId=GECA110010&action=dispDetailBtn&kJNo=4701014436261&kJKbn=1&fullPart=1
医療法人　沖縄寿光会与勝病院	https://www.hellowork.mhlw.go.jp/kensaku/GECA110010.do?screenId=GECA110010&action=dispDetailBtn&kJNo=4702006767461&kJKbn=1&fullPart=1
株式会社ふれあい介護センター　介護総合施設ケアビレッジふれあ\nい我如古	https://www.hellowork.mhlw.go.jp/kensaku/GECA110010.do?screenId=GECA110010&action=dispDetailBtn&kJNo=4702008322961&kJKbn=1&fullPart=1
訪問介護　やすらぎ	https://www.hellowork.mhlw.go.jp/kensaku/GECA110010.do?screenId=GECA110010&action=dispDetailBtn&kJNo=4702008720061&kJKbn=1&fullPart=1
医療法人八重会　たまきクリニック	https://www.hellowork.mhlw.go.jp/kensaku/GECA110010.do?screenId=GECA110010&action=dispDetailBtn&kJNo=4702005609561&kJKbn=1&fullPart=1
社会福祉法人乙羽会	https://www.hellowork.mhlw.go.jp/kensaku/GECA110010.do?screenId=GECA110010&action=dispDetailBtn&kJNo=4703001856861&kJKbn=1&fullPart=1
医療法人　野毛会　もとぶ野毛病院	https://www.hellowork.mhlw.go.jp/kensaku/GECA110010.do?screenId=GECA110010&action=dispDetailBtn&kJNo=4703002140361&kJKbn=1&fullPart=1
医療法人　松風会　介護老人保健施設　桃源の郷	https://www.hellowork.mhlw.go.jp/kensaku/GECA110010.do?screenId=GECA110010&action=dispDetailBtn&kJNo=4703001332361&kJKbn=1&fullPart=1
医療法人左右会　宮古島リハビリ温泉病院	https://www.hellowork.mhlw.go.jp/kensaku/GECA110010.do?screenId=GECA110010&action=dispDetailBtn&kJNo=4704001629861&kJKbn=1&fullPart=1
株式会社ニチイ学館　那覇支店	https://www.hellowork.mhlw.go.jp/kensaku/GECA110010.do?screenId=GECA110010&action=dispDetailBtn&kJNo=4701014263761&kJKbn=1&fullPart=1
社会医療法人　敬愛会	https://www.hellowork.mhlw.go.jp/kensaku/GECA110010.do?screenId=GECA110010&action=dispDetailBtn&kJNo=4702006848461&kJKbn=1&fullPart=1
医療法人　桃の木会　那覇リハビリクリニック	https://www.hellowork.mhlw.go.jp/kensaku/GECA110010.do?screenId=GECA110010&action=dispDetailBtn&kJNo=4701014232961&kJKbn=1&fullPart=1
有限会社　桃の木会　那覇介護福祉センター	https://www.hellowork.mhlw.go.jp/kensaku/GECA110010.do?screenId=GECA110010&action=dispDetailBtn&kJNo=4701014242361&kJKbn=1&fullPart=1
合同会社　うむい	https://www.hellowork.mhlw.go.jp/kensaku/GECA110010.do?screenId=GECA110010&action=dispDetailBtn&kJNo=4701014166461&kJKbn=1&fullPart=1
沖縄県社会福祉事業団　北嶺学園	https://www.hellowork.mhlw.go.jp/kensaku/GECA110010.do?screenId=GECA110010&action=dispDetailBtn&kJNo=4701014259061&kJKbn=1&fullPart=1
（株）陽邦	https://www.hellowork.mhlw.go.jp/kensaku/GECA110010.do?screenId=GECA110010&action=dispDetailBtn&kJNo=4701009465561&kJKbn=1&fullPart=1
株式会社　あおぞら産業	https://www.hellowork.mhlw.go.jp/kensaku/GECA110010.do?screenId=GECA110010&action=dispDetailBtn&kJNo=4701014271761&kJKbn=1&fullPart=1
株式会社　とよみ	https://www.hellowork.mhlw.go.jp/kensaku/GECA110010.do?screenId=GECA110010&action=dispDetailBtn&kJNo=4701014340261&kJKbn=1&fullPart=1
株式会社　弥生　　デイサービスセンター花ぐすく	https://www.hellowork.mhlw.go.jp/kensaku/GECA110010.do?screenId=GECA110010&action=dispDetailBtn&kJNo=4701014342461&kJKbn=1&fullPart=1
株式会社　みずほ	https://www.hellowork.mhlw.go.jp/kensaku/GECA110010.do?screenId=GECA110010&action=dispDetailBtn&kJNo=4702005533061&kJKbn=1&fullPart=1
社会福祉法人　中陽福祉会　あやはし苑	https://www.hellowork.mhlw.go.jp/kensaku/GECA110010.do?screenId=GECA110010&action=dispDetailBtn&kJNo=4702005817361&kJKbn=1&fullPart=1
株式会社　安寧	https://www.hellowork.mhlw.go.jp/kensaku/GECA110010.do?screenId=GECA110010&action=dispDetailBtn&kJNo=4702007961561&kJKbn=1&fullPart=1
社会福祉法人いぜな会　特別養護老人ホームチヂン園	https://www.hellowork.mhlw.go.jp/kensaku/GECA110010.do?screenId=GECA110010&action=dispDetailBtn&kJNo=4703002103461&kJKbn=1&fullPart=1
医療法人　大平会（嶺井第一病院・嶺井第二病院まちなと・介護医\n療院にしばる・訪問看護ステーションみねい）	https://www.hellowork.mhlw.go.jp/kensaku/GECA110010.do?screenId=GECA110010&action=dispDetailBtn&kJNo=4701012936761&kJKbn=1&fullPart=1
株式会社　琉球の街　サービス付き高齢者住宅　琉球の街長田	https://www.hellowork.mhlw.go.jp/kensaku/GECA110010.do?screenId=GECA110010&action=dispDetailBtn&kJNo=4701014131261&kJKbn=1&fullPart=1
（医）あけぼの会\n　介護老人保健施設　平成苑	https://www.hellowork.mhlw.go.jp/kensaku/GECA110010.do?screenId=GECA110010&action=dispDetailBtn&kJNo=4701011701961&kJKbn=1&fullPart=1
有限会社　プラス	https://www.hellowork.mhlw.go.jp/kensaku/GECA110010.do?screenId=GECA110010&action=dispDetailBtn&kJNo=4701008997761&kJKbn=1&fullPart=1
社会福祉法人　おきなわ共生会	https://www.hellowork.mhlw.go.jp/kensaku/GECA110010.do?screenId=GECA110010&action=dispDetailBtn&kJNo=4701014171661&kJKbn=1&fullPart=1
医療法人自灯明会	https://www.hellowork.mhlw.go.jp/kensaku/GECA110010.do?screenId=GECA110010&action=dispDetailBtn&kJNo=4701010307461&kJKbn=1&fullPart=1
社会福祉法人　以和貴会　朝日の家	https://www.hellowork.mhlw.go.jp/kensaku/GECA110010.do?screenId=GECA110010&action=dispDetailBtn&kJNo=4701014196361&kJKbn=1&fullPart=1
社会福祉法人　育賛会	https://www.hellowork.mhlw.go.jp/kensaku/GECA110010.do?screenId=GECA110010&action=dispDetailBtn&kJNo=4702008428161&kJKbn=1&fullPart=1
医療法人　一麦会	https://www.hellowork.mhlw.go.jp/kensaku/GECA110010.do?screenId=GECA110010&action=dispDetailBtn&kJNo=4702007513661&kJKbn=1&fullPart=1
社会福祉法人いなほ会	https://www.hellowork.mhlw.go.jp/kensaku/GECA110010.do?screenId=GECA110010&action=dispDetailBtn&kJNo=4702005794361&kJKbn=1&fullPart=1
合同会社　リハトピア	https://www.hellowork.mhlw.go.jp/kensaku/GECA110010.do?screenId=GECA110010&action=dispDetailBtn&kJNo=4702008014861&kJKbn=1&fullPart=1
医療法人奨進会東部クリニック	https://www.hellowork.mhlw.go.jp/kensaku/GECA110010.do?screenId=GECA110010&action=dispDetailBtn&kJNo=4702006540761&kJKbn=1&fullPart=1
株式会社　宙伸	https://www.hellowork.mhlw.go.jp/kensaku/GECA110010.do?screenId=GECA110010&action=dispDetailBtn&kJNo=4702006156861&kJKbn=1&fullPart=1
医療法人安心会　愛聖有料老人ホームシンフォニー	https://www.hellowork.mhlw.go.jp/kensaku/GECA110010.do?screenId=GECA110010&action=dispDetailBtn&kJNo=4702008773561&kJKbn=1&fullPart=1
医療法人安心会　愛聖グループホームコザの杜	https://www.hellowork.mhlw.go.jp/kensaku/GECA110010.do?screenId=GECA110010&action=dispDetailBtn&kJNo=4702006495961&kJKbn=1&fullPart=1
医療法人　タピック　介護老人保健施設　亀の里	https://www.hellowork.mhlw.go.jp/kensaku/GECA110010.do?screenId=GECA110010&action=dispDetailBtn&kJNo=4702005828561&kJKbn=1&fullPart=1
株式会社　テラスホーム	https://www.hellowork.mhlw.go.jp/kensaku/GECA110010.do?screenId=GECA110010&action=dispDetailBtn&kJNo=4702009019161&kJKbn=1&fullPart=1
社会福祉法人　本部町社会福祉協議会	https://www.hellowork.mhlw.go.jp/kensaku/GECA110010.do?screenId=GECA110010&action=dispDetailBtn&kJNo=4703002090861&kJKbn=1&fullPart=1
医療法人　博心会　ケアホームてだこ苑	https://www.hellowork.mhlw.go.jp/kensaku/GECA110010.do?screenId=GECA110010&action=dispDetailBtn&kJNo=4701013861661&kJKbn=1&fullPart=1
有限会社　豊　デイサービス笑い福い	https://www.hellowork.mhlw.go.jp/kensaku/GECA110010.do?screenId=GECA110010&action=dispDetailBtn&kJNo=4701009109461&kJKbn=1&fullPart=1
社会福祉法人　伊集の木会　デイサービスセンターいじゅの花	https://www.hellowork.mhlw.go.jp/kensaku/GECA110010.do?screenId=GECA110010&action=dispDetailBtn&kJNo=4701013930161&kJKbn=1&fullPart=1
医療法人　真徳会\n　沖縄メディカル病院	https://www.hellowork.mhlw.go.jp/kensaku/GECA110010.do?screenId=GECA110010&action=dispDetailBtn&kJNo=4701013961761&kJKbn=1&fullPart=1
株式会社いちまん会　リハビリフィットネス　デイｄｅジム	https://www.hellowork.mhlw.go.jp/kensaku/GECA110010.do?screenId=GECA110010&action=dispDetailBtn&kJNo=4701013971961&kJKbn=1&fullPart=1
有限会社はっぴー	https://www.hellowork.mhlw.go.jp/kensaku/GECA110010.do?screenId=GECA110010&action=dispDetailBtn&kJNo=4701014016361&kJKbn=1&fullPart=1
社会福祉法人　おもと会	https://www.hellowork.mhlw.go.jp/kensaku/GECA110010.do?screenId=GECA110010&action=dispDetailBtn&kJNo=4701014042661&kJKbn=1&fullPart=1
医療法人安心会　愛聖クリニック	https://www.hellowork.mhlw.go.jp/kensaku/GECA110010.do?screenId=GECA110010&action=dispDetailBtn&kJNo=4702006286761&kJKbn=1&fullPart=1
医療法人　和泉会	https://www.hellowork.mhlw.go.jp/kensaku/GECA110010.do?screenId=GECA110010&action=dispDetailBtn&kJNo=4702008836661&kJKbn=1&fullPart=1
有限会社　ニヘーデービル	https://www.hellowork.mhlw.go.jp/kensaku/GECA110010.do?screenId=GECA110010&action=dispDetailBtn&kJNo=4702006646861&kJKbn=1&fullPart=1
社会福祉法人　沖縄コロニー・コロニーワークショップ沖縄	https://www.hellowork.mhlw.go.jp/kensaku/GECA110010.do?screenId=GECA110010&action=dispDetailBtn&kJNo=4702008934461&kJKbn=1&fullPart=1
社会福祉法人　一心福祉会	https://www.hellowork.mhlw.go.jp/kensaku/GECA110010.do?screenId=GECA110010&action=dispDetailBtn&kJNo=4703002063561&kJKbn=1&fullPart=1
株式会社　アカハチ（大浜１番地）	https://www.hellowork.mhlw.go.jp/kensaku/GECA110010.do?screenId=GECA110010&action=dispDetailBtn&kJNo=4705001551261&kJKbn=1&fullPart=1
社会福祉法人綾羽福祉会　特別養護老人ホーム　まえさと茶寿苑	https://www.hellowork.mhlw.go.jp/kensaku/GECA110010.do?screenId=GECA110010&action=dispDetailBtn&kJNo=4705001006361&kJKbn=1&fullPart=1
株式会社Ｆａｍｓｔａｔｉｏｎ	https://www.hellowork.mhlw.go.jp/kensaku/GECA110010.do?screenId=GECA110010&action=dispDetailBtn&kJNo=1105010659361&kJKbn=1&fullPart=1
医療法人　好縁会	https://www.hellowork.mhlw.go.jp/kensaku/GECA110010.do?screenId=GECA110010&action=dispDetailBtn&kJNo=3402002427361&kJKbn=1&fullPart=1
社会医療法人　葦の会	https://www.hellowork.mhlw.go.jp/kensaku/GECA110010.do?screenId=GECA110010&action=dispDetailBtn&kJNo=4701011908661&kJKbn=1&fullPart=1
社会福祉法人　偕生会　特別養護老人ホーム　那覇偕生園	https://www.hellowork.mhlw.go.jp/kensaku/GECA110010.do?screenId=GECA110010&action=dispDetailBtn&kJNo=4701009259861&kJKbn=1&fullPart=1
医療法人　真成会	https://www.hellowork.mhlw.go.jp/kensaku/GECA110010.do?screenId=GECA110010&action=dispDetailBtn&kJNo=4701010345361&kJKbn=1&fullPart=1
株式会社ウェルケア沖縄	https://www.hellowork.mhlw.go.jp/kensaku/GECA110010.do?screenId=GECA110010&action=dispDetailBtn&kJNo=4701009345461&kJKbn=1&fullPart=1
社会福祉法人　偕生会　特別養護老人ホーム　首里偕生園	https://www.hellowork.mhlw.go.jp/kensaku/GECA110010.do?screenId=GECA110010&action=dispDetailBtn&kJNo=4701009455361&kJKbn=1&fullPart=1
医療法人博愛会	https://www.hellowork.mhlw.go.jp/kensaku/GECA110010.do?screenId=GECA110010&action=dispDetailBtn&kJNo=4701014151861&kJKbn=1&fullPart=1
社会福祉法人　清明会	https://www.hellowork.mhlw.go.jp/kensaku/GECA110010.do?screenId=GECA110010&action=dispDetailBtn&kJNo=4702005490661&kJKbn=1&fullPart=1
社会福祉法人　幸仁会　比謝川の里	https://www.hellowork.mhlw.go.jp/kensaku/GECA110010.do?screenId=GECA110010&action=dispDetailBtn&kJNo=4702006207361&kJKbn=1&fullPart=1
有限会社　ケアセンターきらめき	https://www.hellowork.mhlw.go.jp/kensaku/GECA110010.do?screenId=GECA110010&action=dispDetailBtn&kJNo=4702005570561&kJKbn=1&fullPart=1
株式会社　ＫＩＮＡ	https://www.hellowork.mhlw.go.jp/kensaku/GECA110010.do?screenId=GECA110010&action=dispDetailBtn&kJNo=4702006364761&kJKbn=1&fullPart=1
合同会社　高山クリエイト　デイサービスがんじゅうの扉	https://www.hellowork.mhlw.go.jp/kensaku/GECA110010.do?screenId=GECA110010&action=dispDetailBtn&kJNo=4702005701161&kJKbn=1&fullPart=1
株式会社　いっしん	https://www.hellowork.mhlw.go.jp/kensaku/GECA110010.do?screenId=GECA110010&action=dispDetailBtn&kJNo=4702005694861&kJKbn=1&fullPart=1
社会福祉法人祐愛会　特別養護老人ホーム　宮古の里	https://www.hellowork.mhlw.go.jp/kensaku/GECA110010.do?screenId=GECA110010&action=dispDetailBtn&kJNo=4704001016861&kJKbn=1&fullPart=1
医療法人　ムサアザ会	https://www.hellowork.mhlw.go.jp/kensaku/GECA110010.do?screenId=GECA110010&action=dispDetailBtn&kJNo=4704001263661&kJKbn=1&fullPart=1
社会福祉法人　沖縄県社会福祉事業団　八重山厚生園	https://www.hellowork.mhlw.go.jp/kensaku/GECA110010.do?screenId=GECA110010&action=dispDetailBtn&kJNo=4705001465461&kJKbn=1&fullPart=1
医療法人　光風会　介護老人保健施設　和光園	https://www.hellowork.mhlw.go.jp/kensaku/GECA110010.do?screenId=GECA110010&action=dispDetailBtn&kJNo=4703001671861&kJKbn=1&fullPart=1
医療法人　光風会　北山病院	https://www.hellowork.mhlw.go.jp/kensaku/GECA110010.do?screenId=GECA110010&action=dispDetailBtn&kJNo=4703001686461&kJKbn=1&fullPart=1
株式会社　ウエラ	https://www.hellowork.mhlw.go.jp/kensaku/GECA110010.do?screenId=GECA110010&action=dispDetailBtn&kJNo=4701013602261&kJKbn=1&fullPart=1
医療法人　天仁会	https://www.hellowork.mhlw.go.jp/kensaku/GECA110010.do?screenId=GECA110010&action=dispDetailBtn&kJNo=4701009664361&kJKbn=1&fullPart=1
合同会社里のガーデン	https://www.hellowork.mhlw.go.jp/kensaku/GECA110010.do?screenId=GECA110010&action=dispDetailBtn&kJNo=4701013634361&kJKbn=1&fullPart=1
医療法人　陽心会	https://www.hellowork.mhlw.go.jp/kensaku/GECA110010.do?screenId=GECA110010&action=dispDetailBtn&kJNo=4701012077061&kJKbn=1&fullPart=1
株式会社　夢咲	https://www.hellowork.mhlw.go.jp/kensaku/GECA110010.do?screenId=GECA110010&action=dispDetailBtn&kJNo=4702008516861&kJKbn=1&fullPart=1
医療法人　琉心会　勝山病院	https://www.hellowork.mhlw.go.jp/kensaku/GECA110010.do?screenId=GECA110010&action=dispDetailBtn&kJNo=4703001997161&kJKbn=1&fullPart=1
株式会社ハッピーライフ　いきいきらいふＳＰＡ屋富祖通り店	https://www.hellowork.mhlw.go.jp/kensaku/GECA110010.do?screenId=GECA110010&action=dispDetailBtn&kJNo=4701013398261&kJKbn=1&fullPart=1
株式会社　アルカディア	https://www.hellowork.mhlw.go.jp/kensaku/GECA110010.do?screenId=GECA110010&action=dispDetailBtn&kJNo=4701013409161&kJKbn=1&fullPart=1
株式会社　Ｈｅａｌｔｈ＆Ｗｅｌｌｂｅｉｎｇ	https://www.hellowork.mhlw.go.jp/kensaku/GECA110010.do?screenId=GECA110010&action=dispDetailBtn&kJNo=4701013383761&kJKbn=1&fullPart=1
医療法人　信和会　沖縄第一病院	https://www.hellowork.mhlw.go.jp/kensaku/GECA110010.do?screenId=GECA110010&action=dispDetailBtn&kJNo=4701009762561&kJKbn=1&fullPart=1
社会福祉法人　麗峰会　介護老人福祉施設沖縄一条園	https://www.hellowork.mhlw.go.jp/kensaku/GECA110010.do?screenId=GECA110010&action=dispDetailBtn&kJNo=4702006261961&kJKbn=1&fullPart=1
とある株式会社　ここある	https://www.hellowork.mhlw.go.jp/kensaku/GECA110010.do?screenId=GECA110010&action=dispDetailBtn&kJNo=4702008411061&kJKbn=1&fullPart=1
有限会社ハートサポートプラン　高齢者介護事業所　大樹	https://www.hellowork.mhlw.go.jp/kensaku/GECA110010.do?screenId=GECA110010&action=dispDetailBtn&kJNo=4702008422261&kJKbn=1&fullPart=1
有限会社　ひふみ	https://www.hellowork.mhlw.go.jp/kensaku/GECA110010.do?screenId=GECA110010&action=dispDetailBtn&kJNo=4702008330161&kJKbn=1&fullPart=1
合同会社　サンライズグループ	https://www.hellowork.mhlw.go.jp/kensaku/GECA110010.do?screenId=GECA110010&action=dispDetailBtn&kJNo=4702008349061&kJKbn=1&fullPart=1
特定非営利活動法人そら	https://www.hellowork.mhlw.go.jp/kensaku/GECA110010.do?screenId=GECA110010&action=dispDetailBtn&kJNo=4701013301961&kJKbn=1&fullPart=1
社会福祉法人　琉球溢愛会	https://www.hellowork.mhlw.go.jp/kensaku/GECA110010.do?screenId=GECA110010&action=dispDetailBtn&kJNo=4701013051961&kJKbn=1&fullPart=1
株式会社　薬正堂　アワセ第一デイサービス	https://www.hellowork.mhlw.go.jp/kensaku/GECA110010.do?screenId=GECA110010&action=dispDetailBtn&kJNo=4702008263561&kJKbn=1&fullPart=1
株式会社　ア－バンエステ－ト介護支援センター中部	https://www.hellowork.mhlw.go.jp/kensaku/GECA110010.do?screenId=GECA110010&action=dispDetailBtn&kJNo=4702006790561&kJKbn=1&fullPart=1
株式会社ア一バン・エステートグループホームごえくの里	https://www.hellowork.mhlw.go.jp/kensaku/GECA110010.do?screenId=GECA110010&action=dispDetailBtn&kJNo=4702006793861&kJKbn=1&fullPart=1
株式会社　口福舎　高齢者専用複合施設　がんじゅう堂	https://www.hellowork.mhlw.go.jp/kensaku/GECA110010.do?screenId=GECA110010&action=dispDetailBtn&kJNo=4702007574561&kJKbn=1&fullPart=1
株式会社ＳＡＴ	https://www.hellowork.mhlw.go.jp/kensaku/GECA110010.do?screenId=GECA110010&action=dispDetailBtn&kJNo=4705001409961&kJKbn=1&fullPart=1
社会福祉法人　沖縄県社会福祉事業団　いしみね救護園	https://www.hellowork.mhlw.go.jp/kensaku/GECA110010.do?screenId=GECA110010&action=dispDetailBtn&kJNo=4701013190761&kJKbn=1&fullPart=1
社会福祉法人　沖縄にじの会	https://www.hellowork.mhlw.go.jp/kensaku/GECA110010.do?screenId=GECA110010&action=dispDetailBtn&kJNo=4701010313261&kJKbn=1&fullPart=1
株式会社　なまからどー\n有料老人ホーム　なまからどー	https://www.hellowork.mhlw.go.jp/kensaku/GECA110010.do?screenId=GECA110010&action=dispDetailBtn&kJNo=4703001945961&kJKbn=1&fullPart=1
合同会社　ＭＨＬ	https://www.hellowork.mhlw.go.jp/kensaku/GECA110010.do?screenId=GECA110010&action=dispDetailBtn&kJNo=4701013080661&kJKbn=1&fullPart=1
株式会社　ライフケアシステム研究所	https://www.hellowork.mhlw.go.jp/kensaku/GECA110010.do?screenId=GECA110010&action=dispDetailBtn&kJNo=4701012910861&kJKbn=1&fullPart=1
株式会社　Ｌｉｂ	https://www.hellowork.mhlw.go.jp/kensaku/GECA110010.do?screenId=GECA110010&action=dispDetailBtn&kJNo=4701012181161&kJKbn=1&fullPart=1
（医）おもと会　介護老人保健施設ぎのわんおもと園	https://www.hellowork.mhlw.go.jp/kensaku/GECA110010.do?screenId=GECA110010&action=dispDetailBtn&kJNo=4702008166661&kJKbn=1&fullPart=1
株式会社　爽やかな風沖縄	https://www.hellowork.mhlw.go.jp/kensaku/GECA110010.do?screenId=GECA110010&action=dispDetailBtn&kJNo=4702008201161&kJKbn=1&fullPart=1
有限会社北部ケアサービス	https://www.hellowork.mhlw.go.jp/kensaku/GECA110010.do?screenId=GECA110010&action=dispDetailBtn&kJNo=4703001618261&kJKbn=1&fullPart=1
医療法人緑の会　デイサービス長寿の華	https://www.hellowork.mhlw.go.jp/kensaku/GECA110010.do?screenId=GECA110010&action=dispDetailBtn&kJNo=4705000986161&kJKbn=1&fullPart=1
医療法人　緑の会　サービス付き高齢者住宅　八重の杜	https://www.hellowork.mhlw.go.jp/kensaku/GECA110010.do?screenId=GECA110010&action=dispDetailBtn&kJNo=4705001081661&kJKbn=1&fullPart=1
医療法人　南嶺会　勝連病院	https://www.hellowork.mhlw.go.jp/kensaku/GECA110010.do?screenId=GECA110010&action=dispDetailBtn&kJNo=4701012985761&kJKbn=1&fullPart=1
株式会社シルバーサポート玉城　　デイサービスセンターうちま	https://www.hellowork.mhlw.go.jp/kensaku/GECA110010.do?screenId=GECA110010&action=dispDetailBtn&kJNo=4701013023561&kJKbn=1&fullPart=1
医療法人　光和会　介護付き有料老人ホーム　たけぞの	https://www.hellowork.mhlw.go.jp/kensaku/GECA110010.do?screenId=GECA110010&action=dispDetailBtn&kJNo=4702006640361&kJKbn=1&fullPart=1
ハートフルハンド　合同会社	https://www.hellowork.mhlw.go.jp/kensaku/GECA110010.do?screenId=GECA110010&action=dispDetailBtn&kJNo=4702008105061&kJKbn=1&fullPart=1
株式会社　パッション	https://www.hellowork.mhlw.go.jp/kensaku/GECA110010.do?screenId=GECA110010&action=dispDetailBtn&kJNo=4702008106361&kJKbn=1&fullPart=1
株式会社　花	https://www.hellowork.mhlw.go.jp/kensaku/GECA110010.do?screenId=GECA110010&action=dispDetailBtn&kJNo=4701012861261&kJKbn=1&fullPart=1
株式会社　花　住宅型有料老人ホーム　順風苑	https://www.hellowork.mhlw.go.jp/kensaku/GECA110010.do?screenId=GECA110010&action=dispDetailBtn&kJNo=4701012866961&kJKbn=1&fullPart=1
川武カンパニー株式会社	https://www.hellowork.mhlw.go.jp/kensaku/GECA110010.do?screenId=GECA110010&action=dispDetailBtn&kJNo=4701012877361&kJKbn=1&fullPart=1
社会福祉法人おもと会　在宅総合ケアセンター寄宮	https://www.hellowork.mhlw.go.jp/kensaku/GECA110010.do?screenId=GECA110010&action=dispDetailBtn&kJNo=4701012899961&kJKbn=1&fullPart=1
ケアプランえみま	https://www.hellowork.mhlw.go.jp/kensaku/GECA110010.do?screenId=GECA110010&action=dispDetailBtn&kJNo=4701012950561&kJKbn=1&fullPart=1
社会福祉法人　　憲章会	https://www.hellowork.mhlw.go.jp/kensaku/GECA110010.do?screenId=GECA110010&action=dispDetailBtn&kJNo=4701012794761&kJKbn=1&fullPart=1
株式会社　結	https://www.hellowork.mhlw.go.jp/kensaku/GECA110010.do?screenId=GECA110010&action=dispDetailBtn&kJNo=4701009044461&kJKbn=1&fullPart=1
社会福祉法人　琉球キリスト教奉仕団特別養護老人ホ一ム　愛の村	https://www.hellowork.mhlw.go.jp/kensaku/GECA110010.do?screenId=GECA110010&action=dispDetailBtn&kJNo=4702005728061&kJKbn=1&fullPart=1
株式会社　宙伸　ヘルパーステーション輝	https://www.hellowork.mhlw.go.jp/kensaku/GECA110010.do?screenId=GECA110010&action=dispDetailBtn&kJNo=4703001873961&kJKbn=1&fullPart=1
医療法人　結護会	https://www.hellowork.mhlw.go.jp/kensaku/GECA110010.do?screenId=GECA110010&action=dispDetailBtn&kJNo=4703001624361&kJKbn=1&fullPart=1
障害者総合支援施設　青潮園	https://www.hellowork.mhlw.go.jp/kensaku/GECA110010.do?screenId=GECA110010&action=dispDetailBtn&kJNo=4704001434461&kJKbn=1&fullPart=1
合同会社ｓｔｕｄｉｏ　ｌｉｆｅ　ｗｏｒｋ	https://www.hellowork.mhlw.go.jp/kensaku/GECA110010.do?screenId=GECA110010&action=dispDetailBtn&kJNo=4702005734961&kJKbn=1&fullPart=1
医療法人　おもと会　介護老人保健施設はまゆう	https://www.hellowork.mhlw.go.jp/kensaku/GECA110010.do?screenId=GECA110010&action=dispDetailBtn&kJNo=4701011215461&kJKbn=1&fullPart=1
株式会社　玉の木	https://www.hellowork.mhlw.go.jp/kensaku/GECA110010.do?screenId=GECA110010&action=dispDetailBtn&kJNo=4701012669661&kJKbn=1&fullPart=1
株式会社フェアネス	https://www.hellowork.mhlw.go.jp/kensaku/GECA110010.do?screenId=GECA110010&action=dispDetailBtn&kJNo=4701010841461&kJKbn=1&fullPart=1
株式会社　真心コーポレーション	https://www.hellowork.mhlw.go.jp/kensaku/GECA110010.do?screenId=GECA110010&action=dispDetailBtn&kJNo=4702007920561&kJKbn=1&fullPart=1
有限会社　緒方	https://www.hellowork.mhlw.go.jp/kensaku/GECA110010.do?screenId=GECA110010&action=dispDetailBtn&kJNo=4702005755561&kJKbn=1&fullPart=1
合資会社　ケア・コミュニティ　三丁目	https://www.hellowork.mhlw.go.jp/kensaku/GECA110010.do?screenId=GECA110010&action=dispDetailBtn&kJNo=4702007974161&kJKbn=1&fullPart=1
社会福祉法人　容山会　特別養護老人ホーム　北斗園	https://www.hellowork.mhlw.go.jp/kensaku/GECA110010.do?screenId=GECA110010&action=dispDetailBtn&kJNo=4703001630961&kJKbn=1&fullPart=1
にこにこサービス　有限会社	https://www.hellowork.mhlw.go.jp/kensaku/GECA110010.do?screenId=GECA110010&action=dispDetailBtn&kJNo=4704001410761&kJKbn=1&fullPart=1
社会福祉法人おきなわ共生会\n福祉複合共生施設なんくる	https://www.hellowork.mhlw.go.jp/kensaku/GECA110010.do?screenId=GECA110010&action=dispDetailBtn&kJNo=4701011427961&kJKbn=1&fullPart=1
有限会社　百栄　デイサービス　ゆず	https://www.hellowork.mhlw.go.jp/kensaku/GECA110010.do?screenId=GECA110010&action=dispDetailBtn&kJNo=4701012628661&kJKbn=1&fullPart=1
株式会社　ケアネット徳洲会沖縄	https://www.hellowork.mhlw.go.jp/kensaku/GECA110010.do?screenId=GECA110010&action=dispDetailBtn&kJNo=4702005604161&kJKbn=1&fullPart=1
株式会社中部サンケアネット	https://www.hellowork.mhlw.go.jp/kensaku/GECA110010.do?screenId=GECA110010&action=dispDetailBtn&kJNo=4702007891761&kJKbn=1&fullPart=1
社会福祉法人ふくぎ会　ケアハウスふくぎ苑	https://www.hellowork.mhlw.go.jp/kensaku/GECA110010.do?screenId=GECA110010&action=dispDetailBtn&kJNo=4702007407161&kJKbn=1&fullPart=1
株式会社チャスキ	https://www.hellowork.mhlw.go.jp/kensaku/GECA110010.do?screenId=GECA110010&action=dispDetailBtn&kJNo=4702007903261&kJKbn=1&fullPart=1
合資会社ゆらぎ	https://www.hellowork.mhlw.go.jp/kensaku/GECA110010.do?screenId=GECA110010&action=dispDetailBtn&kJNo=4703001833161&kJKbn=1&fullPart=1
しんらい　グループ（有限会社　アカザワ）	https://www.hellowork.mhlw.go.jp/kensaku/GECA110010.do?screenId=GECA110010&action=dispDetailBtn&kJNo=2601012754361&kJKbn=1&fullPart=1
社会福祉法人　心の会	https://www.hellowork.mhlw.go.jp/kensaku/GECA110010.do?screenId=GECA110010&action=dispDetailBtn&kJNo=4701012424361&kJKbn=1&fullPart=1
株式会社　風磨	https://www.hellowork.mhlw.go.jp/kensaku/GECA110010.do?screenId=GECA110010&action=dispDetailBtn&kJNo=4702007791661&kJKbn=1&fullPart=1
社会医療法人　かりゆし会	https://www.hellowork.mhlw.go.jp/kensaku/GECA110010.do?screenId=GECA110010&action=dispDetailBtn&kJNo=4702007843861&kJKbn=1&fullPart=1
社会福祉法人　沖縄県社会福祉事業団　名護厚生園	https://www.hellowork.mhlw.go.jp/kensaku/GECA110010.do?screenId=GECA110010&action=dispDetailBtn&kJNo=4703001825161&kJKbn=1&fullPart=1
有限会社　ライフケア　デイサービスセンター　海凪	https://www.hellowork.mhlw.go.jp/kensaku/GECA110010.do?screenId=GECA110010&action=dispDetailBtn&kJNo=4701012328361&kJKbn=1&fullPart=1
有限会社　介護サービスたばた	https://www.hellowork.mhlw.go.jp/kensaku/GECA110010.do?screenId=GECA110010&action=dispDetailBtn&kJNo=4702007753461&kJKbn=1&fullPart=1
合同会社よりそい　\nよりそい訪問介護事業所	https://www.hellowork.mhlw.go.jp/kensaku/GECA110010.do?screenId=GECA110010&action=dispDetailBtn&kJNo=4702007774061&kJKbn=1&fullPart=1
社会福祉法人　祥永会	https://www.hellowork.mhlw.go.jp/kensaku/GECA110010.do?screenId=GECA110010&action=dispDetailBtn&kJNo=4702005806961&kJKbn=1&fullPart=1
株式会社　新緑の里	https://www.hellowork.mhlw.go.jp/kensaku/GECA110010.do?screenId=GECA110010&action=dispDetailBtn&kJNo=4701012183361&kJKbn=1&fullPart=1
社会福祉法人沖縄県社会福祉事業団　具志川厚生園	https://www.hellowork.mhlw.go.jp/kensaku/GECA110010.do?screenId=GECA110010&action=dispDetailBtn&kJNo=4702005463061&kJKbn=1&fullPart=1
株式会社　津梁グループ	https://www.hellowork.mhlw.go.jp/kensaku/GECA110010.do?screenId=GECA110010&action=dispDetailBtn&kJNo=4702007603661&kJKbn=1&fullPart=1
株式会社津梁グループ　グループホーム謝苅	https://www.hellowork.mhlw.go.jp/kensaku/GECA110010.do?screenId=GECA110010&action=dispDetailBtn&kJNo=4702007605561&kJKbn=1&fullPart=1
社会福祉法人ゆうなの会　特別養護老人ホーム　谷茶の丘	https://www.hellowork.mhlw.go.jp/kensaku/GECA110010.do?screenId=GECA110010&action=dispDetailBtn&kJNo=4702007642161&kJKbn=1&fullPart=1
有限会社　こころ	https://www.hellowork.mhlw.go.jp/kensaku/GECA110010.do?screenId=GECA110010&action=dispDetailBtn&kJNo=4702007669161&kJKbn=1&fullPart=1
社会福祉法人　大宜味村社会福祉協議会	https://www.hellowork.mhlw.go.jp/kensaku/GECA110010.do?screenId=GECA110010&action=dispDetailBtn&kJNo=4703001793961&kJKbn=1&fullPart=1
社会福祉法人　沖縄県社会福祉事業団　宮古厚生園	https://www.hellowork.mhlw.go.jp/kensaku/GECA110010.do?screenId=GECA110010&action=dispDetailBtn&kJNo=4704001097261&kJKbn=1&fullPart=1
株式会社　愛サポート	https://www.hellowork.mhlw.go.jp/kensaku/GECA110010.do?screenId=GECA110010&action=dispDetailBtn&kJNo=4701011943761&kJKbn=1&fullPart=1
社会福祉法人　沖縄肢体不自由児協会　沖縄南部療育医療センター	https://www.hellowork.mhlw.go.jp/kensaku/GECA110010.do?screenId=GECA110010&action=dispDetailBtn&kJNo=4701011956361&kJKbn=1&fullPart=1
有限会社　百栄　デイサービスふたば	https://www.hellowork.mhlw.go.jp/kensaku/GECA110010.do?screenId=GECA110010&action=dispDetailBtn&kJNo=4701012021261&kJKbn=1&fullPart=1
社会医療法人　へいあん	https://www.hellowork.mhlw.go.jp/kensaku/GECA110010.do?screenId=GECA110010&action=dispDetailBtn&kJNo=4701012100661&kJKbn=1&fullPart=1
医療法人　おもと会　地域包括ケアセンターかみはら	https://www.hellowork.mhlw.go.jp/kensaku/GECA110010.do?screenId=GECA110010&action=dispDetailBtn&kJNo=4701010220961&kJKbn=1&fullPart=1
株式会社リブレケア	https://www.hellowork.mhlw.go.jp/kensaku/GECA110010.do?screenId=GECA110010&action=dispDetailBtn&kJNo=4701012124061&kJKbn=1&fullPart=1
医療法人社団　輔仁会　嬉野が丘サマリヤ人病院	https://www.hellowork.mhlw.go.jp/kensaku/GECA110010.do?screenId=GECA110010&action=dispDetailBtn&kJNo=4701010113761&kJKbn=1&fullPart=1
株式会社　いきがいクリエーション　小規模多機能ホームいきがい\nのまち	https://www.hellowork.mhlw.go.jp/kensaku/GECA110010.do?screenId=GECA110010&action=dispDetailBtn&kJNo=4702006169661&kJKbn=1&fullPart=1
株式会社　アソシエ	https://www.hellowork.mhlw.go.jp/kensaku/GECA110010.do?screenId=GECA110010&action=dispDetailBtn&kJNo=4702007423161&kJKbn=1&fullPart=1
社会福祉法人　沖縄にじの会　特別養護老人ホーム　知花の里	https://www.hellowork.mhlw.go.jp/kensaku/GECA110010.do?screenId=GECA110010&action=dispDetailBtn&kJNo=4702007444461&kJKbn=1&fullPart=1
（社福）与勝福祉会　デイサービスセンター　与勝の里	https://www.hellowork.mhlw.go.jp/kensaku/GECA110010.do?screenId=GECA110010&action=dispDetailBtn&kJNo=4702007466361&kJKbn=1&fullPart=1
合同会社　アユマ	https://www.hellowork.mhlw.go.jp/kensaku/GECA110010.do?screenId=GECA110010&action=dispDetailBtn&kJNo=4702007470861&kJKbn=1&fullPart=1
株式会社アメニティプラス	https://www.hellowork.mhlw.go.jp/kensaku/GECA110010.do?screenId=GECA110010&action=dispDetailBtn&kJNo=4702007497861&kJKbn=1&fullPart=1
有限会社　如水会	https://www.hellowork.mhlw.go.jp/kensaku/GECA110010.do?screenId=GECA110010&action=dispDetailBtn&kJNo=4702006896661&kJKbn=1&fullPart=1
社会福祉法人　常盤会	https://www.hellowork.mhlw.go.jp/kensaku/GECA110010.do?screenId=GECA110010&action=dispDetailBtn&kJNo=4703001773561&kJKbn=1&fullPart=1
社会福祉法人　沖縄県社会福祉事業団　あけぼの学園	https://www.hellowork.mhlw.go.jp/kensaku/GECA110010.do?screenId=GECA110010&action=dispDetailBtn&kJNo=4704001316961&kJKbn=1&fullPart=1
アースサポート　株式会社　アースサポート大阪	https://www.hellowork.mhlw.go.jp/kensaku/GECA110010.do?screenId=GECA110010&action=dispDetailBtn&kJNo=2701020579561&kJKbn=1&fullPart=1
公益財団法人　沖縄県労働者福祉基金協会	https://www.hellowork.mhlw.go.jp/kensaku/GECA110010.do?screenId=GECA110010&action=dispDetailBtn&kJNo=4701008608461&kJKbn=1&fullPart=1
（株）ビジネスランド	https://www.hellowork.mhlw.go.jp/kensaku/GECA110010.do?screenId=GECA110010&action=dispDetailBtn&kJNo=4701008823661&kJKbn=1&fullPart=1
医療法人　以和貴会　老人保健施設サクラビア	https://www.hellowork.mhlw.go.jp/kensaku/GECA110010.do?screenId=GECA110010&action=dispDetailBtn&kJNo=4701011503661&kJKbn=1&fullPart=1
社会福祉法人以和貴会　障害者支援施設ソフィア	https://www.hellowork.mhlw.go.jp/kensaku/GECA110010.do?screenId=GECA110010&action=dispDetailBtn&kJNo=4701011516861&kJKbn=1&fullPart=1
（株）きよらか	https://www.hellowork.mhlw.go.jp/kensaku/GECA110010.do?screenId=GECA110010&action=dispDetailBtn&kJNo=4701011533961&kJKbn=1&fullPart=1
有限会社オアシス	https://www.hellowork.mhlw.go.jp/kensaku/GECA110010.do?screenId=GECA110010&action=dispDetailBtn&kJNo=4701011539561&kJKbn=1&fullPart=1
有限会社　ライジング	https://www.hellowork.mhlw.go.jp/kensaku/GECA110010.do?screenId=GECA110010&action=dispDetailBtn&kJNo=4701008957861&kJKbn=1&fullPart=1
社会福祉法人以和貴会　障害者支援施設更生ソフィア	https://www.hellowork.mhlw.go.jp/kensaku/GECA110010.do?screenId=GECA110010&action=dispDetailBtn&kJNo=4701011548461&kJKbn=1&fullPart=1
株式会社　ケア琉球	https://www.hellowork.mhlw.go.jp/kensaku/GECA110010.do?screenId=GECA110010&action=dispDetailBtn&kJNo=4701011551161&kJKbn=1&fullPart=1
（株）アイナビ　複合型福祉施設　ちゅらさん	https://www.hellowork.mhlw.go.jp/kensaku/GECA110010.do?screenId=GECA110010&action=dispDetailBtn&kJNo=4701010614461&kJKbn=1&fullPart=1
株式会社ライフテラスうらにし	https://www.hellowork.mhlw.go.jp/kensaku/GECA110010.do?screenId=GECA110010&action=dispDetailBtn&kJNo=4701011566761&kJKbn=1&fullPart=1
株式会社　偕生ケアサービス	https://www.hellowork.mhlw.go.jp/kensaku/GECA110010.do?screenId=GECA110010&action=dispDetailBtn&kJNo=4701010710461&kJKbn=1&fullPart=1
有限会社　はっぴー　デイサービスはっぴー前川	https://www.hellowork.mhlw.go.jp/kensaku/GECA110010.do?screenId=GECA110010&action=dispDetailBtn&kJNo=4701011878261&kJKbn=1&fullPart=1
医療法人　緑水会　宜野湾記念病院	https://www.hellowork.mhlw.go.jp/kensaku/GECA110010.do?screenId=GECA110010&action=dispDetailBtn&kJNo=4702007082661&kJKbn=1&fullPart=1
医療法人球陽会　海邦病院	https://www.hellowork.mhlw.go.jp/kensaku/GECA110010.do?screenId=GECA110010&action=dispDetailBtn&kJNo=4702006858761&kJKbn=1&fullPart=1
株式会社　薬正堂　介護付き高齢者住宅すこやかの森　ヴィラ北谷	https://www.hellowork.mhlw.go.jp/kensaku/GECA110010.do?screenId=GECA110010&action=dispDetailBtn&kJNo=4702005733861&kJKbn=1&fullPart=1
（医）タピック　沖縄リハビリテーションセンター病院	https://www.hellowork.mhlw.go.jp/kensaku/GECA110010.do?screenId=GECA110010&action=dispDetailBtn&kJNo=4702007279961&kJKbn=1&fullPart=1
社会福祉法人　偕生会　羽地苑	https://www.hellowork.mhlw.go.jp/kensaku/GECA110010.do?screenId=GECA110010&action=dispDetailBtn&kJNo=4703001488061&kJKbn=1&fullPart=1
医療法人　博寿会	https://www.hellowork.mhlw.go.jp/kensaku/GECA110010.do?screenId=GECA110010&action=dispDetailBtn&kJNo=4703001751861&kJKbn=1&fullPart=1
社会福祉法人水寿会\n特別養護老人ホーム瑞穂の郷	https://www.hellowork.mhlw.go.jp/kensaku/GECA110010.do?screenId=GECA110010&action=dispDetailBtn&kJNo=4703001756661&kJKbn=1&fullPart=1
社会福祉法人　栄寿の会　【栄寿園】	https://www.hellowork.mhlw.go.jp/kensaku/GECA110010.do?screenId=GECA110010&action=dispDetailBtn&kJNo=4704001232561&kJKbn=1&fullPart=1
有限会社　やすらぎ	https://www.hellowork.mhlw.go.jp/kensaku/GECA110010.do?screenId=GECA110010&action=dispDetailBtn&kJNo=4704001234761&kJKbn=1&fullPart=1
合同会社にぬふぁぶし　　　　　　　　　　　　　　　　　　　　\n【デイサービスはねじ　パイパイ／ばん’ず】	https://www.hellowork.mhlw.go.jp/kensaku/GECA110010.do?screenId=GECA110010&action=dispDetailBtn&kJNo=4704001153461&kJKbn=1&fullPart=1
社会福祉法人　希望ケ丘	https://www.hellowork.mhlw.go.jp/kensaku/GECA110010.do?screenId=GECA110010&action=dispDetailBtn&kJNo=4705001209361&kJKbn=1&fullPart=1
株式会社　ゆいケアサービス	https://www.hellowork.mhlw.go.jp/kensaku/GECA110010.do?screenId=GECA110010&action=dispDetailBtn&kJNo=4705001224061&kJKbn=1&fullPart=1
合同会社あやかり　デイサービスセンター　にぃふぁいゆー	https://www.hellowork.mhlw.go.jp/kensaku/GECA110010.do?screenId=GECA110010&action=dispDetailBtn&kJNo=4705001243561&kJKbn=1&fullPart=1
合同会社四つ竹　デイサービス　ハピネス平真	https://www.hellowork.mhlw.go.jp/kensaku/GECA110010.do?screenId=GECA110010&action=dispDetailBtn&kJNo=4705001245761&kJKbn=1&fullPart=1
医療法人上善会　老人保健施設　聖紫花の杜	https://www.hellowork.mhlw.go.jp/kensaku/GECA110010.do?screenId=GECA110010&action=dispDetailBtn&kJNo=4705001293261&kJKbn=1&fullPart=1
医療法人徳洲会　石垣島徳洲会病院	https://www.hellowork.mhlw.go.jp/kensaku/GECA110010.do?screenId=GECA110010&action=dispDetailBtn&kJNo=4705001296761&kJKbn=1&fullPart=1
株式会社　りゅうせきケアプロ	https://www.hellowork.mhlw.go.jp/kensaku/GECA110010.do?screenId=GECA110010&action=dispDetailBtn&kJNo=4701010469561&kJKbn=1&fullPart=1
株式会社くくるの会	https://www.hellowork.mhlw.go.jp/kensaku/GECA110010.do?screenId=GECA110010&action=dispDetailBtn&kJNo=4701011408561&kJKbn=1&fullPart=1
沖縄県社会福祉事業団　よみたん救護園	https://www.hellowork.mhlw.go.jp/kensaku/GECA110010.do?screenId=GECA110010&action=dispDetailBtn&kJNo=4702006991661&kJKbn=1&fullPart=1
合同会社　寿福祉会	https://www.hellowork.mhlw.go.jp/kensaku/GECA110010.do?screenId=GECA110010&action=dispDetailBtn&kJNo=4702006995761&kJKbn=1&fullPart=1
株式会社　こころ	https://www.hellowork.mhlw.go.jp/kensaku/GECA110010.do?screenId=GECA110010&action=dispDetailBtn&kJNo=4703001699061&kJKbn=1&fullPart=1
株式会社　西風	https://www.hellowork.mhlw.go.jp/kensaku/GECA110010.do?screenId=GECA110010&action=dispDetailBtn&kJNo=4701011249461&kJKbn=1&fullPart=1
有限会社　友誠	https://www.hellowork.mhlw.go.jp/kensaku/GECA110010.do?screenId=GECA110010&action=dispDetailBtn&kJNo=4701010250561&kJKbn=1&fullPart=1
有限会社　シルバーサポート	https://www.hellowork.mhlw.go.jp/kensaku/GECA110010.do?screenId=GECA110010&action=dispDetailBtn&kJNo=4701011309361&kJKbn=1&fullPart=1
合同会社寿愛マツザキ	https://www.hellowork.mhlw.go.jp/kensaku/GECA110010.do?screenId=GECA110010&action=dispDetailBtn&kJNo=4702006932061&kJKbn=1&fullPart=1
社会福祉法人　松籟会　特別養護老人ホ－ム　かりゆしぬ村	https://www.hellowork.mhlw.go.jp/kensaku/GECA110010.do?screenId=GECA110010&action=dispDetailBtn&kJNo=4703001691661&kJKbn=1&fullPart=1
社会福祉法人　喜寿会　特別養護老人ホーム小谷園	https://www.hellowork.mhlw.go.jp/kensaku/GECA110010.do?screenId=GECA110010&action=dispDetailBtn&kJNo=4701011181661&kJKbn=1&fullPart=1
株式会社　あお	https://www.hellowork.mhlw.go.jp/kensaku/GECA110010.do?screenId=GECA110010&action=dispDetailBtn&kJNo=4702006068861&kJKbn=1&fullPart=1
医療法人　琉心会　高齢者ハウスりゅうしん	https://www.hellowork.mhlw.go.jp/kensaku/GECA110010.do?screenId=GECA110010&action=dispDetailBtn&kJNo=4703001680161&kJKbn=1&fullPart=1
有限会社　フィーチャー企画　デイサービスみかん西原	https://www.hellowork.mhlw.go.jp/kensaku/GECA110010.do?screenId=GECA110010&action=dispDetailBtn&kJNo=4701011063461&kJKbn=1&fullPart=1
合同会社　祥園	https://www.hellowork.mhlw.go.jp/kensaku/GECA110010.do?screenId=GECA110010&action=dispDetailBtn&kJNo=4702006827061&kJKbn=1&fullPart=1
有限会社　ソーシャルサービス周　　デイサービスセンタースイム	https://www.hellowork.mhlw.go.jp/kensaku/GECA110010.do?screenId=GECA110010&action=dispDetailBtn&kJNo=4702006777861&kJKbn=1&fullPart=1
合資会社　湯果報	https://www.hellowork.mhlw.go.jp/kensaku/GECA110010.do?screenId=GECA110010&action=dispDetailBtn&kJNo=4702006809961&kJKbn=1&fullPart=1
医療法人　善孜会　新川クリニック	https://www.hellowork.mhlw.go.jp/kensaku/GECA110010.do?screenId=GECA110010&action=dispDetailBtn&kJNo=4701010816561&kJKbn=1&fullPart=1
医療法人　陽心会　大道中央病院	https://www.hellowork.mhlw.go.jp/kensaku/GECA110010.do?screenId=GECA110010&action=dispDetailBtn&kJNo=4701010881561&kJKbn=1&fullPart=1
株式会社　ＫＨＭ	https://www.hellowork.mhlw.go.jp/kensaku/GECA110010.do?screenId=GECA110010&action=dispDetailBtn&kJNo=4702006724461&kJKbn=1&fullPart=1
合同会社たんでぃがーたんでぃ　【デイサービス　んーながうまり\nさとぅ】	https://www.hellowork.mhlw.go.jp/kensaku/GECA110010.do?screenId=GECA110010&action=dispDetailBtn&kJNo=4704001168661&kJKbn=1&fullPart=1
医療法人　助和の会	https://www.hellowork.mhlw.go.jp/kensaku/GECA110010.do?screenId=GECA110010&action=dispDetailBtn&kJNo=4701010728461&kJKbn=1&fullPart=1
株式会社　ゆいまーる　デイサービス　かりゆしプラザ	https://www.hellowork.mhlw.go.jp/kensaku/GECA110010.do?screenId=GECA110010&action=dispDetailBtn&kJNo=4701010239161&kJKbn=1&fullPart=1
株式会社　宙伸\nデイサービス宙伸みやざと	https://www.hellowork.mhlw.go.jp/kensaku/GECA110010.do?screenId=GECA110010&action=dispDetailBtn&kJNo=4703001481261&kJKbn=1&fullPart=1
株式会社　入西門	https://www.hellowork.mhlw.go.jp/kensaku/GECA110010.do?screenId=GECA110010&action=dispDetailBtn&kJNo=4703001609661&kJKbn=1&fullPart=1
株式会社　どりーむ	https://www.hellowork.mhlw.go.jp/kensaku/GECA110010.do?screenId=GECA110010&action=dispDetailBtn&kJNo=4702006611461&kJKbn=1&fullPart=1
株式会社　雄美会	https://www.hellowork.mhlw.go.jp/kensaku/GECA110010.do?screenId=GECA110010&action=dispDetailBtn&kJNo=4702006624061&kJKbn=1&fullPart=1
医療法人　祥杏会\n　おもろまちメディカルセンター	https://www.hellowork.mhlw.go.jp/kensaku/GECA110010.do?screenId=GECA110010&action=dispDetailBtn&kJNo=4701010481161&kJKbn=1&fullPart=1
有限会社　パロス	https://www.hellowork.mhlw.go.jp/kensaku/GECA110010.do?screenId=GECA110010&action=dispDetailBtn&kJNo=4701010506661&kJKbn=1&fullPart=1
株式会社医療看護はまむや　ナーシングホームさくら	https://www.hellowork.mhlw.go.jp/kensaku/GECA110010.do?screenId=GECA110010&action=dispDetailBtn&kJNo=4701010521661&kJKbn=1&fullPart=1
株式会社ＳＯＲＡアカデミーサポート訪問看護ステーション宙ＳＯ\nＲＡ	https://www.hellowork.mhlw.go.jp/kensaku/GECA110010.do?screenId=GECA110010&action=dispDetailBtn&kJNo=4701010542861&kJKbn=1&fullPart=1
（社福）おきなわ長寿会　特別養護老人ホームおきなわ長寿苑	https://www.hellowork.mhlw.go.jp/kensaku/GECA110010.do?screenId=GECA110010&action=dispDetailBtn&kJNo=4702006600661&kJKbn=1&fullPart=1
株式会社　弘春会　グループホームくしばる	https://www.hellowork.mhlw.go.jp/kensaku/GECA110010.do?screenId=GECA110010&action=dispDetailBtn&kJNo=4701010251461&kJKbn=1&fullPart=1
医療法人徳洲会　南部徳洲会病院	https://www.hellowork.mhlw.go.jp/kensaku/GECA110010.do?screenId=GECA110010&action=dispDetailBtn&kJNo=4701010375961&kJKbn=1&fullPart=1
社会福祉法人光和会　特別養護老人ホーム光が丘	https://www.hellowork.mhlw.go.jp/kensaku/GECA110010.do?screenId=GECA110010&action=dispDetailBtn&kJNo=4702005634561&kJKbn=1&fullPart=1
株式会社　まなざし	https://www.hellowork.mhlw.go.jp/kensaku/GECA110010.do?screenId=GECA110010&action=dispDetailBtn&kJNo=4702006491561&kJKbn=1&fullPart=1
一般社団法人　八重山地域リハビリテーション支援ユニット	https://www.hellowork.mhlw.go.jp/kensaku/GECA110010.do?screenId=GECA110010&action=dispDetailBtn&kJNo=4705001061861&kJKbn=1&fullPart=1
合同会社　沖縄介護サポートサービス	https://www.hellowork.mhlw.go.jp/kensaku/GECA110010.do?screenId=GECA110010&action=dispDetailBtn&kJNo=4702006402861&kJKbn=1&fullPart=1
社会福祉法人　善隣福祉会　特別養護老人ホーム　白浜の里愛誠園	https://www.hellowork.mhlw.go.jp/kensaku/GECA110010.do?screenId=GECA110010&action=dispDetailBtn&kJNo=4702006417561&kJKbn=1&fullPart=1
特定非営利活動法人Ｔｏｉ　Ｔｏｉ	https://www.hellowork.mhlw.go.jp/kensaku/GECA110010.do?screenId=GECA110010&action=dispDetailBtn&kJNo=4702006443461&kJKbn=1&fullPart=1
株式会社　リンクス　メディケアハウス寄宮	https://www.hellowork.mhlw.go.jp/kensaku/GECA110010.do?screenId=GECA110010&action=dispDetailBtn&kJNo=4701010046161&kJKbn=1&fullPart=1
医療法人おもと会　プレモ在宅クリニック３Ｆ\n　　　　　　　　　Ｐｏｗｅｒ　ＬａｂＯ（デイサービス）２Ｆ	https://www.hellowork.mhlw.go.jp/kensaku/GECA110010.do?screenId=GECA110010&action=dispDetailBtn&kJNo=4701010131961&kJKbn=1&fullPart=1
医療法人　新緑会	https://www.hellowork.mhlw.go.jp/kensaku/GECA110010.do?screenId=GECA110010&action=dispDetailBtn&kJNo=4702006344661&kJKbn=1&fullPart=1
社福）賢儀天寿会　特別養護老人ホーム平和の村	https://www.hellowork.mhlw.go.jp/kensaku/GECA110010.do?screenId=GECA110010&action=dispDetailBtn&kJNo=4702006355461&kJKbn=1&fullPart=1
株式会社　リンクス	https://www.hellowork.mhlw.go.jp/kensaku/GECA110010.do?screenId=GECA110010&action=dispDetailBtn&kJNo=4701010060861&kJKbn=1&fullPart=1
医療法人安心会　デイサービスセンターはる	https://www.hellowork.mhlw.go.jp/kensaku/GECA110010.do?screenId=GECA110010&action=dispDetailBtn&kJNo=4702006289161&kJKbn=1&fullPart=1
株式会社　ＪＵＮ	https://www.hellowork.mhlw.go.jp/kensaku/GECA110010.do?screenId=GECA110010&action=dispDetailBtn&kJNo=4702006309061&kJKbn=1&fullPart=1
社会医療法人　仁愛会	https://www.hellowork.mhlw.go.jp/kensaku/GECA110010.do?screenId=GECA110010&action=dispDetailBtn&kJNo=4701009204261&kJKbn=1&fullPart=1
医療法人　おもと会　大浜第二病院	https://www.hellowork.mhlw.go.jp/kensaku/GECA110010.do?screenId=GECA110010&action=dispDetailBtn&kJNo=4701009944061&kJKbn=1&fullPart=1
医療法人寿仁会　ユートピア沖縄	https://www.hellowork.mhlw.go.jp/kensaku/GECA110010.do?screenId=GECA110010&action=dispDetailBtn&kJNo=4701008915961&kJKbn=1&fullPart=1
社会福祉法人喜寿会　特別養護老人ホーム福寿園	https://www.hellowork.mhlw.go.jp/kensaku/GECA110010.do?screenId=GECA110010&action=dispDetailBtn&kJNo=4702005741861&kJKbn=1&fullPart=1
株式会社　憩	https://www.hellowork.mhlw.go.jp/kensaku/GECA110010.do?screenId=GECA110010&action=dispDetailBtn&kJNo=4702005995161&kJKbn=1&fullPart=1
医療法人　センダン北上中央病院	https://www.hellowork.mhlw.go.jp/kensaku/GECA110010.do?screenId=GECA110010&action=dispDetailBtn&kJNo=4702006198761&kJKbn=1&fullPart=1
合同会社　サンサン	https://www.hellowork.mhlw.go.jp/kensaku/GECA110010.do?screenId=GECA110010&action=dispDetailBtn&kJNo=4702006228861&kJKbn=1&fullPart=1
医療法人はごろも会　那覇ゆい病院	https://www.hellowork.mhlw.go.jp/kensaku/GECA110010.do?screenId=GECA110010&action=dispDetailBtn&kJNo=4701009622361&kJKbn=1&fullPart=1
合同会社トリニティ	https://www.hellowork.mhlw.go.jp/kensaku/GECA110010.do?screenId=GECA110010&action=dispDetailBtn&kJNo=4701009714861&kJKbn=1&fullPart=1
株式会社シルバー・サポート　グラットホーム　パステル	https://www.hellowork.mhlw.go.jp/kensaku/GECA110010.do?screenId=GECA110010&action=dispDetailBtn&kJNo=4702006146461&kJKbn=1&fullPart=1
医療法人ユカリア沖縄　かんな病院	https://www.hellowork.mhlw.go.jp/kensaku/GECA110010.do?screenId=GECA110010&action=dispDetailBtn&kJNo=4702005916461&kJKbn=1&fullPart=1
医療法人緑の会　介護老人保健施設　いしがき太陽の里	https://www.hellowork.mhlw.go.jp/kensaku/GECA110010.do?screenId=GECA110010&action=dispDetailBtn&kJNo=4705001007661&kJKbn=1&fullPart=1
ライフ・ケア株式会社	https://www.hellowork.mhlw.go.jp/kensaku/GECA110010.do?screenId=GECA110010&action=dispDetailBtn&kJNo=4701009488361&kJKbn=1&fullPart=1
社会福祉法人　麗峰会　特別養護老人ホームつじまち	https://www.hellowork.mhlw.go.jp/kensaku/GECA110010.do?screenId=GECA110010&action=dispDetailBtn&kJNo=4701009495061&kJKbn=1&fullPart=1
社会福祉法人　沖縄県社会福祉事業団　沖縄療育園	https://www.hellowork.mhlw.go.jp/kensaku/GECA110010.do?screenId=GECA110010&action=dispDetailBtn&kJNo=4701009507861&kJKbn=1&fullPart=1
合同会社　寛	https://www.hellowork.mhlw.go.jp/kensaku/GECA110010.do?screenId=GECA110010&action=dispDetailBtn&kJNo=4701009564861&kJKbn=1&fullPart=1
株式会社　絆	https://www.hellowork.mhlw.go.jp/kensaku/GECA110010.do?screenId=GECA110010&action=dispDetailBtn&kJNo=4702006001961&kJKbn=1&fullPart=1
社会福祉法人美健会　\n特別養護老人ホーム　久辺の里	https://www.hellowork.mhlw.go.jp/kensaku/GECA110010.do?screenId=GECA110010&action=dispDetailBtn&kJNo=4703001430261&kJKbn=1&fullPart=1
有限会社　ホームケアサービス　デイサービスセンター　まごころ	https://www.hellowork.mhlw.go.jp/kensaku/GECA110010.do?screenId=GECA110010&action=dispDetailBtn&kJNo=4704001057461&kJKbn=1&fullPart=1
有限会社ケアステーション花織	https://www.hellowork.mhlw.go.jp/kensaku/GECA110010.do?screenId=GECA110010&action=dispDetailBtn&kJNo=4702005943961&kJKbn=1&fullPart=1
合同会社樹　デイサービス　パキラ	https://www.hellowork.mhlw.go.jp/kensaku/GECA110010.do?screenId=GECA110010&action=dispDetailBtn&kJNo=4702005979161&kJKbn=1&fullPart=1
医療法人安心会　愛聖クリニック　泡瀬北デイサービスセンター	https://www.hellowork.mhlw.go.jp/kensaku/GECA110010.do?screenId=GECA110010&action=dispDetailBtn&kJNo=4702005983461&kJKbn=1&fullPart=1
有限会社　大雅	https://www.hellowork.mhlw.go.jp/kensaku/GECA110010.do?screenId=GECA110010&action=dispDetailBtn&kJNo=4701008983161&kJKbn=1&fullPart=1
医療法人　誠和会\n老人保健施設シルバーピアしきな	https://www.hellowork.mhlw.go.jp/kensaku/GECA110010.do?screenId=GECA110010&action=dispDetailBtn&kJNo=4701009024061&kJKbn=1&fullPart=1
社会福祉法人　以和貴会　サンテラス西崎\n住宅型有料老人ホーム	https://www.hellowork.mhlw.go.jp/kensaku/GECA110010.do?screenId=GECA110010&action=dispDetailBtn&kJNo=4701009112361&kJKbn=1&fullPart=1
株式会社　やさしい手　沖縄	https://www.hellowork.mhlw.go.jp/kensaku/GECA110010.do?screenId=GECA110010&action=dispDetailBtn&kJNo=4701009117761&kJKbn=1&fullPart=1
合同会社　ナーシングケアハウスぷくじ	https://www.hellowork.mhlw.go.jp/kensaku/GECA110010.do?screenId=GECA110010&action=dispDetailBtn&kJNo=4702005649361&kJKbn=1&fullPart=1
有限会社ふくよか	https://www.hellowork.mhlw.go.jp/kensaku/GECA110010.do?screenId=GECA110010&action=dispDetailBtn&kJNo=4701008634761&kJKbn=1&fullPart=1
（有）ドッグスハンド	https://www.hellowork.mhlw.go.jp/kensaku/GECA110010.do?screenId=GECA110010&action=dispDetailBtn&kJNo=4701008717161&kJKbn=1&fullPart=1
社会福祉法人乙羽会　グリーンハウス与原	https://www.hellowork.mhlw.go.jp/kensaku/GECA110010.do?screenId=GECA110010&action=dispDetailBtn&kJNo=4701008724961&kJKbn=1&fullPart=1
社会福祉法人　憲寿会	https://www.hellowork.mhlw.go.jp/kensaku/GECA110010.do?screenId=GECA110010&action=dispDetailBtn&kJNo=4701008896961&kJKbn=1&fullPart=1
有限会社　シルバーケア夢	https://www.hellowork.mhlw.go.jp/kensaku/GECA110010.do?screenId=GECA110010&action=dispDetailBtn&kJNo=4701008938461&kJKbn=1&fullPart=1
有限会社　スマイルケア	https://www.hellowork.mhlw.go.jp/kensaku/GECA110010.do?screenId=GECA110010&action=dispDetailBtn&kJNo=4701008993661&kJKbn=1&fullPart=1
合同会社しずかな　デイサービスウルルン	https://www.hellowork.mhlw.go.jp/kensaku/GECA110010.do?screenId=GECA110010&action=dispDetailBtn&kJNo=4702005557861&kJKbn=1&fullPart=1
社会福祉法人　沖縄中央福祉会	https://www.hellowork.mhlw.go.jp/kensaku/GECA110010.do?screenId=GECA110010&action=dispDetailBtn&kJNo=4702005594261&kJKbn=1&fullPart=1
なせばなる株式会社	https://www.hellowork.mhlw.go.jp/kensaku/GECA110010.do?screenId=GECA110010&action=dispDetailBtn&kJNo=4702005605061&kJKbn=1&fullPart=1
株式会社　Ｊステップ　デイサービスせせらぎ	https://www.hellowork.mhlw.go.jp/kensaku/GECA110010.do?screenId=GECA110010&action=dispDetailBtn&kJNo=4702005636761&kJKbn=1&fullPart=1
Ｇライフサポート株式会社	https://www.hellowork.mhlw.go.jp/kensaku/GECA110010.do?screenId=GECA110010&action=dispDetailBtn&kJNo=4702005653861&kJKbn=1&fullPart=1
合同会社　シンフォニー	https://www.hellowork.mhlw.go.jp/kensaku/GECA110010.do?screenId=GECA110010&action=dispDetailBtn&kJNo=4702005698361&kJKbn=1&fullPart=1
国立療養所　沖縄愛楽園	https://www.hellowork.mhlw.go.jp/kensaku/GECA110010.do?screenId=GECA110010&action=dispDetailBtn&kJNo=4703001319261&kJKbn=1&fullPart=1
合同会社　ひまわり	https://www.hellowork.mhlw.go.jp/kensaku/GECA110010.do?screenId=GECA110010&action=dispDetailBtn&kJNo=4704000982861&kJKbn=1&fullPart=1
グループホームいろは	https://www.hellowork.mhlw.go.jp/kensaku/GECA110010.do?screenId=GECA110010&action=dispDetailBtn&kJNo=4704001013561&kJKbn=1&fullPart=1
株式会社　ケアサービス豊見	https://www.hellowork.mhlw.go.jp/kensaku/GECA110010.do?screenId=GECA110010&action=dispDetailBtn&kJNo=4701015862761&kJKbn=1&fullPart=1
株式会社ルフト・メディカルケア　沖縄支店	https://www.hellowork.mhlw.go.jp/kensaku/GECA110010.do?screenId=GECA110010&action=dispDetailBtn&kJNo=4701015758761&kJKbn=1&fullPart=1
合同会社　恵笑	https://www.hellowork.mhlw.go.jp/kensaku/GECA110010.do?screenId=GECA110010&action=dispDetailBtn&kJNo=4701017260061&kJKbn=1&fullPart=1
社会福祉法人　大立福祉会【介護老人福祉施設　しもじ長生園等】	https://www.hellowork.mhlw.go.jp/kensaku/GECA110010.do?screenId=GECA110010&action=dispDetailBtn&kJNo=4704001951961&kJKbn=1&fullPart=1
株式会社　ケアサポート	https://www.hellowork.mhlw.go.jp/kensaku/GECA110010.do?screenId=GECA110010&action=dispDetailBtn&kJNo=4701017143961&kJKbn=1&fullPart=1
有限会社　なんくる	https://www.hellowork.mhlw.go.jp/kensaku/GECA110010.do?screenId=GECA110010&action=dispDetailBtn&kJNo=4701017174561&kJKbn=1&fullPart=1
合資会社　さくらケアステーション	https://www.hellowork.mhlw.go.jp/kensaku/GECA110010.do?screenId=GECA110010&action=dispDetailBtn&kJNo=4702010795361&kJKbn=1&fullPart=1
株式会社　琉愛會　デイサービスセンター琉愛	https://www.hellowork.mhlw.go.jp/kensaku/GECA110010.do?screenId=GECA110010&action=dispDetailBtn&kJNo=4701016995561&kJKbn=1&fullPart=1
株式会社爽やかな風沖縄　デイサービスみらい	https://www.hellowork.mhlw.go.jp/kensaku/GECA110010.do?screenId=GECA110010&action=dispDetailBtn&kJNo=4701017065061&kJKbn=1&fullPart=1
有限会社　沖縄介護センター	https://www.hellowork.mhlw.go.jp/kensaku/GECA110010.do?screenId=GECA110010&action=dispDetailBtn&kJNo=4701016956761&kJKbn=1&fullPart=1
株式会社　ＹМＴ	https://www.hellowork.mhlw.go.jp/kensaku/GECA110010.do?screenId=GECA110010&action=dispDetailBtn&kJNo=4701016642761&kJKbn=1&fullPart=1
合同会社　潮音　有料老人ホームちゅら凪	https://www.hellowork.mhlw.go.jp/kensaku/GECA110010.do?screenId=GECA110010&action=dispDetailBtn&kJNo=4701016492961&kJKbn=1&fullPart=1
株式会社　りゅうせきケアプロ　介護付有料老人ホーム　特定施設\nひまわり	https://www.hellowork.mhlw.go.jp/kensaku/GECA110010.do?screenId=GECA110010&action=dispDetailBtn&kJNo=4701016511761&kJKbn=1&fullPart=1
株式会社　いちまん会　デイサービス　いちまん	https://www.hellowork.mhlw.go.jp/kensaku/GECA110010.do?screenId=GECA110010&action=dispDetailBtn&kJNo=4701016563861&kJKbn=1&fullPart=1
株式会社シルバーサポートでいご	https://www.hellowork.mhlw.go.jp/kensaku/GECA110010.do?screenId=GECA110010&action=dispDetailBtn&kJNo=4701016339661&kJKbn=1&fullPart=1
有限会社青の空　デイサービス陽だまりの丘	https://www.hellowork.mhlw.go.jp/kensaku/GECA110010.do?screenId=GECA110010&action=dispDetailBtn&kJNo=4701016362061&kJKbn=1&fullPart=1
嘉手納町役場	https://www.hellowork.mhlw.go.jp/kensaku/GECA110010.do?screenId=GECA110010&action=dispDetailBtn&kJNo=4702010232161&kJKbn=1&fullPart=1
サラ合同会社	https://www.hellowork.mhlw.go.jp/kensaku/GECA110010.do?screenId=GECA110010&action=dispDetailBtn&kJNo=4702010341261&kJKbn=1&fullPart=1
社会福祉法人　ムサアザ福祉会　【ふれあいの里／ケアハウスいけ\nむら／いけむら保育園／いけむらこども園】	https://www.hellowork.mhlw.go.jp/kensaku/GECA110010.do?screenId=GECA110010&action=dispDetailBtn&kJNo=4704001836461&kJKbn=1&fullPart=1
有限会社　くばの里	https://www.hellowork.mhlw.go.jp/kensaku/GECA110010.do?screenId=GECA110010&action=dispDetailBtn&kJNo=4702010016961&kJKbn=1&fullPart=1
有限会社　介護サービスセンター　桃原	https://www.hellowork.mhlw.go.jp/kensaku/GECA110010.do?screenId=GECA110010&action=dispDetailBtn&kJNo=4702010000061&kJKbn=1&fullPart=1
合同会社　琉　（デイサービス孫の手）	https://www.hellowork.mhlw.go.jp/kensaku/GECA110010.do?screenId=GECA110010&action=dispDetailBtn&kJNo=4701015687161&kJKbn=1&fullPart=1
医療法人晴明会　糸満晴明病院	https://www.hellowork.mhlw.go.jp/kensaku/GECA110010.do?screenId=GECA110010&action=dispDetailBtn&kJNo=4701015693861&kJKbn=1&fullPart=1
社会福祉法人　那覇市社会福祉協議会	https://www.hellowork.mhlw.go.jp/kensaku/GECA110010.do?screenId=GECA110010&action=dispDetailBtn&kJNo=4701015646361&kJKbn=1&fullPart=1
社会福祉法人　水寿会	https://www.hellowork.mhlw.go.jp/kensaku/GECA110010.do?screenId=GECA110010&action=dispDetailBtn&kJNo=4702009906361&kJKbn=1&fullPart=1
今帰仁村社会福祉協議会	https://www.hellowork.mhlw.go.jp/kensaku/GECA110010.do?screenId=GECA110010&action=dispDetailBtn&kJNo=4703002323761&kJKbn=1&fullPart=1
合同会社介護サービスひがし	https://www.hellowork.mhlw.go.jp/kensaku/GECA110010.do?screenId=GECA110010&action=dispDetailBtn&kJNo=4703002329661&kJKbn=1&fullPart=1
合同会社Ｒｉｇｈｔｅｏｕｓ	https://www.hellowork.mhlw.go.jp/kensaku/GECA110010.do?screenId=GECA110010&action=dispDetailBtn&kJNo=4702011089061&kJKbn=1&fullPart=1
株式会社　愛まーる	https://www.hellowork.mhlw.go.jp/kensaku/GECA110010.do?screenId=GECA110010&action=dispDetailBtn&kJNo=4701017926961&kJKbn=1&fullPart=1
有限会社　ほしくぼ	https://www.hellowork.mhlw.go.jp/kensaku/GECA110010.do?screenId=GECA110010&action=dispDetailBtn&kJNo=4703002710761&kJKbn=1&fullPart=1
合同会社Ｊｏｉｎｔ　Ｓａｕｃｅ　デイサービス　ぽかぽか	https://www.hellowork.mhlw.go.jp/kensaku/GECA110010.do?screenId=GECA110010&action=dispDetailBtn&kJNo=4702011297861&kJKbn=1&fullPart=1
株式会社　エールサポート	https://www.hellowork.mhlw.go.jp/kensaku/GECA110010.do?screenId=GECA110010&action=dispDetailBtn&kJNo=4702011407761&kJKbn=1&fullPart=1
株式会社　ケア琉球　有料老人ホームペリー館　デイサービスペリ\nー	https://www.hellowork.mhlw.go.jp/kensaku/GECA110010.do?screenId=GECA110010&action=dispDetailBtn&kJNo=4701018454161&kJKbn=1&fullPart=1
沖縄県立　宮古病院	https://www.hellowork.mhlw.go.jp/kensaku/GECA110010.do?screenId=GECA110010&action=dispDetailBtn&kJNo=4704002137261&kJKbn=1&fullPart=1
ケアプランセンターなの花	https://www.hellowork.mhlw.go.jp/kensaku/GECA110010.do?screenId=GECA110010&action=dispDetailBtn&kJNo=4701019604761&kJKbn=1&fullPart=1
社会福祉法人　心の会　久米島拠点	https://www.hellowork.mhlw.go.jp/kensaku/GECA110010.do?screenId=GECA110010&action=dispDetailBtn&kJNo=4701019617361&kJKbn=1&fullPart=1
介善株式会社　サービス付き高齢者向け住宅　介　国場	https://www.hellowork.mhlw.go.jp/kensaku/GECA110010.do?screenId=GECA110010&action=dispDetailBtn&kJNo=4701019648161&kJKbn=1&fullPart=1
ゆいまーるケア株式会社	https://www.hellowork.mhlw.go.jp/kensaku/GECA110010.do?screenId=GECA110010&action=dispDetailBtn&kJNo=4701019670861&kJKbn=1&fullPart=1
社会福祉法人　愛の園福祉会　\n特別養護老人ホーム　いとまんシャトー	https://www.hellowork.mhlw.go.jp/kensaku/GECA110010.do?screenId=GECA110010&action=dispDetailBtn&kJNo=4701019810361&kJKbn=1&fullPart=1
医療法人安心会　愛聖小規模多機能型居宅介護オリオン	https://www.hellowork.mhlw.go.jp/kensaku/GECA110010.do?screenId=GECA110010&action=dispDetailBtn&kJNo=4702012521461&kJKbn=1&fullPart=1
有限会社カジマヤー　デイサービスおやまカフェ	https://www.hellowork.mhlw.go.jp/kensaku/GECA110010.do?screenId=GECA110010&action=dispDetailBtn&kJNo=4701019926261&kJKbn=1&fullPart=1
合同会社　風車星	https://www.hellowork.mhlw.go.jp/kensaku/GECA110010.do?screenId=GECA110010&action=dispDetailBtn&kJNo=4702012599861&kJKbn=1&fullPart=1
合同会社　成孝	https://www.hellowork.mhlw.go.jp/kensaku/GECA110010.do?screenId=GECA110010&action=dispDetailBtn&kJNo=4702012636861&kJKbn=1&fullPart=1
有限会社　くりえ	https://www.hellowork.mhlw.go.jp/kensaku/GECA110010.do?screenId=GECA110010&action=dispDetailBtn&kJNo=4702012533161&kJKbn=1&fullPart=1
社会福祉法人ともいき福祉会　特別養護老人ホームかふう	https://www.hellowork.mhlw.go.jp/kensaku/GECA110010.do?screenId=GECA110010&action=dispDetailBtn&kJNo=4702012549961&kJKbn=1&fullPart=1
